time,used
2019-07-12 11:48:25,172
2019-07-12 11:48:24,172
2019-07-12 11:48:23,172
2019-07-12 11:48:22,172
2019-07-12 11:48:21,172
2019-07-12 11:48:20,172
2019-07-12 11:48:19,172
2019-07-12 11:48:18,172
2019-07-12 11:48:17,172
2019-07-12 11:48:16,172
2019-07-12 11:48:15,172
2019-07-12 11:48:14,172
2019-07-12 11:48:13,172
2019-07-12 11:48:12,172
2019-07-12 11:48:11,172
2019-07-12 11:48:10,172
2019-07-12 11:48:09,172
2019-07-12 11:48:08,172
2019-07-12 11:48:07,172
2019-07-12 11:48:06,172
2019-07-12 11:48:05,172
2019-07-12 11:48:04,172
2019-07-12 11:48:03,172
2019-07-12 11:48:02,172
2019-07-12 11:48:01,172
2019-07-12 11:48:00,172
2019-07-12 11:47:59,172
2019-07-12 11:47:58,172
2019-07-12 11:47:57,172
2019-07-12 11:47:56,172
2019-07-12 11:47:55,172
2019-07-12 11:47:54,172
2019-07-12 11:47:53,172
2019-07-12 11:47:52,172
2019-07-12 11:47:51,172
2019-07-12 11:47:50,172
2019-07-12 11:47:49,172
2019-07-12 11:47:48,172
2019-07-12 11:47:47,172
2019-07-12 11:47:46,172
2019-07-12 11:47:45,172
2019-07-12 11:47:44,172
2019-07-12 11:47:43,172
2019-07-12 11:47:42,172
2019-07-12 11:47:41,172
2019-07-12 11:47:40,172
2019-07-12 11:47:39,172
2019-07-12 11:47:38,172
2019-07-12 11:47:37,172
2019-07-12 11:47:36,172
2019-07-12 11:47:35,172
2019-07-12 11:47:34,172
2019-07-12 11:47:33,172
2019-07-12 11:47:32,172
2019-07-12 11:47:31,172
2019-07-12 11:47:30,172
2019-07-12 11:47:29,172
2019-07-12 11:47:28,172
2019-07-12 11:47:27,172
2019-07-12 11:47:26,172
2019-07-12 11:47:25,176
2019-07-12 11:47:24,176
2019-07-12 11:47:23,176
2019-07-12 11:47:22,176
2019-07-12 11:47:21,176
2019-07-12 11:47:20,176
2019-07-12 11:47:19,176
2019-07-12 11:47:18,176
2019-07-12 11:47:17,176
2019-07-12 11:47:16,176
2019-07-12 11:47:15,176
2019-07-12 11:47:14,176
2019-07-12 11:47:13,176
2019-07-12 11:47:12,176
2019-07-12 11:47:11,176
2019-07-12 11:47:10,176
2019-07-12 11:47:09,176
2019-07-12 11:47:08,176
2019-07-12 11:47:07,176
2019-07-12 11:47:06,176
2019-07-12 11:47:05,176
2019-07-12 11:47:04,176
2019-07-12 11:47:03,176
2019-07-12 11:47:02,176
2019-07-12 11:47:01,176
2019-07-12 11:47:00,176
2019-07-12 11:46:59,176
2019-07-12 11:46:58,176
2019-07-12 11:46:57,176
2019-07-12 11:46:56,176
2019-07-12 11:46:55,176
2019-07-12 11:46:54,176
2019-07-12 11:46:53,176
2019-07-12 11:46:52,176
2019-07-12 11:46:51,176
2019-07-12 11:46:50,176
2019-07-12 11:46:49,176
2019-07-12 11:46:48,176
2019-07-12 11:46:47,176
2019-07-12 11:46:46,176
2019-07-12 11:46:45,176
2019-07-12 11:46:44,176
2019-07-12 11:46:43,176
2019-07-12 11:46:42,176
2019-07-12 11:46:41,176
2019-07-12 11:46:40,176
2019-07-12 11:46:39,176
2019-07-12 11:46:38,176
2019-07-12 11:46:37,176
2019-07-12 11:46:36,176
2019-07-12 11:46:35,176
2019-07-12 11:46:34,176
2019-07-12 11:46:33,176
2019-07-12 11:46:32,176
2019-07-12 11:46:31,176
2019-07-12 11:46:30,176
2019-07-12 11:46:29,176
2019-07-12 11:46:28,176
2019-07-12 11:46:27,176
2019-07-12 11:46:26,176
2019-07-12 11:46:25,176
2019-07-12 11:46:24,176
2019-07-12 11:46:23,176
2019-07-12 11:46:22,176
2019-07-12 11:46:21,176
2019-07-12 11:46:20,176
2019-07-12 11:46:19,176
2019-07-12 11:46:18,176
2019-07-12 11:46:17,176
2019-07-12 11:46:16,176
2019-07-12 11:46:15,176
2019-07-12 11:46:14,176
2019-07-12 11:46:13,176
2019-07-12 11:46:12,176
2019-07-12 11:46:11,176
2019-07-12 11:46:10,176
2019-07-12 11:46:09,176
2019-07-12 11:46:08,176
2019-07-12 11:46:07,176
2019-07-12 11:46:06,176
2019-07-12 11:46:05,176
2019-07-12 11:46:04,176
2019-07-12 11:46:03,176
2019-07-12 11:46:02,166
2019-07-12 11:46:01,166
2019-07-12 11:46:00,166
2019-07-12 11:45:59,166
2019-07-12 11:45:58,166
2019-07-12 11:45:57,166
2019-07-12 11:45:56,166
2019-07-12 11:45:55,166
2019-07-12 11:45:54,166
2019-07-12 11:45:53,166
2019-07-12 11:45:52,166
2019-07-12 11:45:51,166
2019-07-12 11:45:50,166
2019-07-12 11:45:49,166
2019-07-12 11:45:48,166
2019-07-12 11:45:47,166
2019-07-12 11:45:46,166
2019-07-12 11:45:45,166
2019-07-12 11:45:44,166
2019-07-12 11:45:43,166
2019-07-12 11:45:42,166
2019-07-12 11:45:41,166
2019-07-12 11:45:40,166
2019-07-12 11:45:39,166
2019-07-12 11:45:38,166
2019-07-12 11:45:37,166
2019-07-12 11:45:36,166
2019-07-12 11:45:35,166
2019-07-12 11:45:34,166
2019-07-12 11:45:33,166
2019-07-12 11:45:32,166
2019-07-12 11:45:31,166
2019-07-12 11:45:30,166
2019-07-12 11:45:29,166
2019-07-12 11:45:28,166
2019-07-12 11:45:27,166
2019-07-12 11:45:26,166
2019-07-12 11:45:25,166
2019-07-12 11:45:24,166
2019-07-12 11:45:23,166
2019-07-12 11:45:22,166
2019-07-12 11:45:21,166
2019-07-12 11:45:20,166
2019-07-12 11:45:19,166
2019-07-12 11:45:18,166
2019-07-12 11:45:17,166
2019-07-12 11:45:16,166
2019-07-12 11:45:15,166
2019-07-12 11:45:14,166
2019-07-12 11:45:13,166
2019-07-12 11:45:12,166
2019-07-12 11:45:11,166
2019-07-12 11:45:10,166
2019-07-12 11:45:09,166
2019-07-12 11:45:08,166
2019-07-12 11:45:07,166
2019-07-12 11:45:06,166
2019-07-12 11:45:05,166
2019-07-12 11:45:04,166
2019-07-12 11:45:03,166
2019-07-12 11:45:02,166
2019-07-12 11:45:01,166
2019-07-12 11:45:00,166
2019-07-12 11:44:59,166
2019-07-12 11:44:58,166
2019-07-12 11:44:57,166
2019-07-12 11:44:56,166
2019-07-12 11:44:55,166
2019-07-12 11:44:54,166
2019-07-12 11:44:53,166
2019-07-12 11:44:52,166
2019-07-12 11:44:51,166
2019-07-12 11:44:50,166
2019-07-12 11:44:49,166
2019-07-12 11:44:48,166
2019-07-12 11:44:47,166
2019-07-12 11:44:46,166
2019-07-12 11:44:45,166
2019-07-12 11:44:44,166
2019-07-12 11:44:43,166
2019-07-12 11:44:42,166
2019-07-12 11:44:41,166
2019-07-12 11:44:40,166
2019-07-12 11:44:39,166
2019-07-12 11:44:38,166
2019-07-12 11:44:37,166
2019-07-12 11:44:36,166
2019-07-12 11:44:35,166
2019-07-12 11:44:34,166
2019-07-12 11:44:33,166
2019-07-12 11:44:32,166
2019-07-12 11:44:31,166
2019-07-12 11:44:30,166
2019-07-12 11:44:29,166
2019-07-12 11:44:28,166
2019-07-12 11:44:27,166
2019-07-12 11:44:26,166
2019-07-12 11:44:25,176
2019-07-12 11:44:24,176
2019-07-12 11:44:23,176
2019-07-12 11:44:22,176
2019-07-12 11:44:21,176
2019-07-12 11:44:20,176
2019-07-12 11:44:19,176
2019-07-12 11:44:18,176
2019-07-12 11:44:17,176
2019-07-12 11:44:16,176
2019-07-12 11:44:15,176
2019-07-12 11:44:14,176
2019-07-12 11:44:13,176
2019-07-12 11:44:12,176
2019-07-12 11:44:11,176
2019-07-12 11:44:10,176
2019-07-12 11:44:09,176
2019-07-12 11:44:08,176
2019-07-12 11:44:07,176
2019-07-12 11:44:06,176
2019-07-12 11:44:05,176
2019-07-12 11:44:04,176
2019-07-12 11:44:03,176
2019-07-12 11:44:02,176
2019-07-12 11:44:01,176
2019-07-12 11:44:00,176
2019-07-12 11:43:59,176
2019-07-12 11:43:58,176
2019-07-12 11:43:57,176
2019-07-12 11:43:56,176
2019-07-12 11:43:55,176
2019-07-12 11:43:54,176
2019-07-12 11:43:53,176
2019-07-12 11:43:52,176
2019-07-12 11:43:51,176
2019-07-12 11:43:50,176
2019-07-12 11:43:49,176
2019-07-12 11:43:48,176
2019-07-12 11:43:47,176
2019-07-12 11:43:46,176
2019-07-12 11:43:45,176
2019-07-12 11:43:44,176
2019-07-12 11:43:43,176
2019-07-12 11:43:42,176
2019-07-12 11:43:41,176
2019-07-12 11:43:40,176
2019-07-12 11:43:39,176
2019-07-12 11:43:38,176
2019-07-12 11:43:37,176
2019-07-12 11:43:36,176
2019-07-12 11:43:35,176
2019-07-12 11:43:34,176
2019-07-12 11:43:33,176
2019-07-12 11:43:32,176
2019-07-12 11:43:31,176
2019-07-12 11:43:30,176
2019-07-12 11:43:29,176
2019-07-12 11:43:28,176
2019-07-12 11:43:27,172
2019-07-12 11:43:26,172
2019-07-12 11:43:25,170
2019-07-12 11:43:24,170
2019-07-12 11:43:23,170
2019-07-12 11:43:22,166
2019-07-12 11:43:21,166
2019-07-12 11:43:20,166
2019-07-12 11:43:19,166
2019-07-12 11:43:18,166
2019-07-12 11:43:17,166
2019-07-12 11:43:16,166
2019-07-12 11:43:15,166
2019-07-12 11:43:14,166
2019-07-12 11:43:13,166
2019-07-12 11:43:12,166
2019-07-12 11:43:11,166
2019-07-12 11:43:10,166
2019-07-12 11:43:09,166
2019-07-12 11:43:08,166
2019-07-12 11:43:07,166
2019-07-12 11:43:06,166
2019-07-12 11:43:05,166
2019-07-12 11:43:04,166
2019-07-12 11:43:03,166
2019-07-12 11:43:02,166
2019-07-12 11:43:01,166
2019-07-12 11:43:00,166
2019-07-12 11:42:59,166
2019-07-12 11:42:58,166
2019-07-12 11:42:57,166
2019-07-12 11:42:56,166
2019-07-12 11:42:55,166
2019-07-12 11:42:54,166
2019-07-12 11:42:53,166
2019-07-12 11:42:52,166
2019-07-12 11:42:51,166
2019-07-12 11:42:50,166
2019-07-12 11:42:49,166
2019-07-12 11:42:48,166
2019-07-12 11:42:47,166
2019-07-12 11:42:46,166
2019-07-12 11:42:45,166
2019-07-12 11:42:44,166
2019-07-12 11:42:43,166
2019-07-12 11:42:42,166
2019-07-12 11:42:41,166
2019-07-12 11:42:40,166
2019-07-12 11:42:39,166
2019-07-12 11:42:38,166
2019-07-12 11:42:37,166
2019-07-12 11:42:36,166
2019-07-12 11:42:35,166
2019-07-12 11:42:34,166
2019-07-12 11:42:33,166
2019-07-12 11:42:32,166
2019-07-12 11:42:31,166
2019-07-12 11:42:30,166
2019-07-12 11:42:29,166
2019-07-12 11:42:28,166
2019-07-12 11:42:27,166
2019-07-12 11:42:26,166
2019-07-12 11:42:25,166
2019-07-12 11:42:24,166
2019-07-12 11:42:23,166
2019-07-12 11:42:22,166
2019-07-12 11:42:21,166
2019-07-12 11:42:20,166
2019-07-12 11:42:19,166
2019-07-12 11:42:18,166
2019-07-12 11:42:17,166
2019-07-12 11:42:16,166
2019-07-12 11:42:15,166
2019-07-12 11:42:14,166
2019-07-12 11:42:13,166
2019-07-12 11:42:12,166
2019-07-12 11:42:11,166
2019-07-12 11:42:10,166
2019-07-12 11:42:09,166
2019-07-12 11:42:08,166
2019-07-12 11:42:07,166
2019-07-12 11:42:06,166
2019-07-12 11:42:05,166
2019-07-12 11:42:04,166
2019-07-12 11:42:03,166
2019-07-12 11:42:02,166
2019-07-12 11:42:01,166
2019-07-12 11:42:00,166
2019-07-12 11:41:59,166
2019-07-12 11:41:58,166
2019-07-12 11:41:57,166
2019-07-12 11:41:56,166
2019-07-12 11:41:55,166
2019-07-12 11:41:54,166
2019-07-12 11:41:53,166
2019-07-12 11:41:52,166
2019-07-12 11:41:51,166
2019-07-12 11:41:50,166
2019-07-12 11:41:49,166
2019-07-12 11:41:48,166
2019-07-12 11:41:47,166
2019-07-12 11:41:46,166
2019-07-12 11:41:45,166
2019-07-12 11:41:44,166
2019-07-12 11:41:43,166
2019-07-12 11:41:42,166
2019-07-12 11:41:41,166
2019-07-12 11:41:40,166
2019-07-12 11:41:39,166
2019-07-12 11:41:38,166
2019-07-12 11:41:37,166
2019-07-12 11:41:36,166
2019-07-12 11:41:35,166
2019-07-12 11:41:34,166
2019-07-12 11:41:33,166
2019-07-12 11:41:32,166
2019-07-12 11:41:31,166
2019-07-12 11:41:30,166
2019-07-12 11:41:29,166
2019-07-12 11:41:28,166
2019-07-12 11:41:27,166
2019-07-12 11:41:26,166
2019-07-12 11:41:25,166
2019-07-12 11:41:24,166
2019-07-12 11:41:23,166
2019-07-12 11:41:22,166
2019-07-12 11:41:21,166
2019-07-12 11:41:20,166
2019-07-12 11:41:19,166
2019-07-12 11:41:18,166
2019-07-12 11:41:17,166
2019-07-12 11:41:16,166
2019-07-12 11:41:15,166
2019-07-12 11:41:14,166
2019-07-12 11:41:13,166
2019-07-12 11:41:12,166
2019-07-12 11:41:11,166
2019-07-12 11:41:10,166
2019-07-12 11:41:09,166
2019-07-12 11:41:08,166
2019-07-12 11:41:07,166
2019-07-12 11:41:06,166
2019-07-12 11:41:05,166
2019-07-12 11:41:04,166
2019-07-12 11:41:03,166
2019-07-12 11:41:02,166
2019-07-12 11:41:01,166
2019-07-12 11:41:00,166
2019-07-12 11:40:59,166
2019-07-12 11:40:58,166
2019-07-12 11:40:57,166
2019-07-12 11:40:56,166
2019-07-12 11:40:55,166
2019-07-12 11:40:54,166
2019-07-12 11:40:53,166
2019-07-12 11:40:52,166
2019-07-12 11:40:51,166
2019-07-12 11:40:50,166
2019-07-12 11:40:49,166
2019-07-12 11:40:48,166
2019-07-12 11:40:47,166
2019-07-12 11:40:46,166
2019-07-12 11:40:45,166
2019-07-12 11:40:44,166
2019-07-12 11:40:43,166
2019-07-12 11:40:42,166
2019-07-12 11:40:41,166
2019-07-12 11:40:40,166
2019-07-12 11:40:39,166
2019-07-12 11:40:38,166
2019-07-12 11:40:37,166
2019-07-12 11:40:36,166
2019-07-12 11:40:35,166
2019-07-12 11:40:34,166
2019-07-12 11:40:33,166
2019-07-12 11:40:32,166
2019-07-12 11:40:31,166
2019-07-12 11:40:30,166
2019-07-12 11:40:29,166
2019-07-12 11:40:28,166
2019-07-12 11:40:27,166
2019-07-12 11:40:26,166
2019-07-12 11:40:25,166
2019-07-12 11:40:24,166
2019-07-12 11:40:23,166
2019-07-12 11:40:22,166
2019-07-12 11:40:21,166
2019-07-12 11:40:20,166
2019-07-12 11:40:19,166
2019-07-12 11:40:18,166
2019-07-12 11:40:17,166
2019-07-12 11:40:16,166
2019-07-12 11:40:15,166
2019-07-12 11:40:14,166
2019-07-12 11:40:13,166
2019-07-12 11:40:12,166
2019-07-12 11:40:11,166
2019-07-12 11:40:10,166
2019-07-12 11:40:09,166
2019-07-12 11:40:08,166
2019-07-12 11:40:07,166
2019-07-12 11:40:06,166
2019-07-12 11:40:05,166
2019-07-12 11:40:04,166
2019-07-12 11:40:03,166
2019-07-12 11:40:02,166
2019-07-12 11:40:01,166
2019-07-12 11:40:00,166
2019-07-12 11:39:59,166
2019-07-12 11:39:58,166
2019-07-12 11:39:57,166
2019-07-12 11:39:56,166
2019-07-12 11:39:55,166
2019-07-12 11:39:54,166
2019-07-12 11:39:53,166
2019-07-12 11:39:52,166
2019-07-12 11:39:51,166
2019-07-12 11:39:50,166
2019-07-12 11:39:49,166
2019-07-12 11:39:48,166
2019-07-12 11:39:47,166
2019-07-12 11:39:46,166
2019-07-12 11:39:45,166
2019-07-12 11:39:44,166
2019-07-12 11:39:43,166
2019-07-12 11:39:42,166
2019-07-12 11:39:41,166
2019-07-12 11:39:40,166
2019-07-12 11:39:39,166
2019-07-12 11:39:38,166
2019-07-12 11:39:37,166
2019-07-12 11:39:36,166
2019-07-12 11:39:35,166
2019-07-12 11:39:34,166
2019-07-12 11:39:33,166
2019-07-12 11:39:32,166
2019-07-12 11:39:31,166
2019-07-12 11:39:30,166
2019-07-12 11:39:29,166
2019-07-12 11:39:28,166
2019-07-12 11:39:27,166
2019-07-12 11:39:26,166
2019-07-12 11:39:25,166
2019-07-12 11:39:24,166
2019-07-12 11:39:23,166
2019-07-12 11:39:22,166
2019-07-12 11:39:21,166
2019-07-12 11:39:20,166
2019-07-12 11:39:19,166
2019-07-12 11:39:18,166
2019-07-12 11:39:17,166
2019-07-12 11:39:16,166
2019-07-12 11:39:15,166
2019-07-12 11:39:14,166
2019-07-12 11:39:13,166
2019-07-12 11:39:12,166
2019-07-12 11:39:11,166
2019-07-12 11:39:10,166
2019-07-12 11:39:09,166
2019-07-12 11:39:08,166
2019-07-12 11:39:07,166
2019-07-12 11:39:06,166
2019-07-12 11:39:05,166
2019-07-12 11:39:04,166
2019-07-12 11:39:03,166
2019-07-12 11:39:02,166
2019-07-12 11:39:01,166
2019-07-12 11:39:00,166
2019-07-12 11:38:59,166
2019-07-12 11:38:58,166
2019-07-12 11:38:57,166
2019-07-12 11:38:56,166
2019-07-12 11:38:55,166
2019-07-12 11:38:54,166
2019-07-12 11:38:53,166
2019-07-12 11:38:52,166
2019-07-12 11:38:51,166
2019-07-12 11:38:50,166
2019-07-12 11:38:49,166
2019-07-12 11:38:48,166
2019-07-12 11:38:47,166
2019-07-12 11:38:46,166
2019-07-12 11:38:45,166
2019-07-12 11:38:44,166
2019-07-12 11:38:43,166
2019-07-12 11:38:42,166
2019-07-12 11:38:41,166
2019-07-12 11:38:40,166
2019-07-12 11:38:39,166
2019-07-12 11:38:38,166
2019-07-12 11:38:37,166
2019-07-12 11:38:36,166
2019-07-12 11:38:35,166
2019-07-12 11:38:34,166
2019-07-12 11:38:33,166
2019-07-12 11:38:32,166
2019-07-12 11:38:31,166
2019-07-12 11:38:30,166
2019-07-12 11:38:29,166
2019-07-12 11:38:28,166
2019-07-12 11:38:27,166
2019-07-12 11:38:26,166
2019-07-12 11:38:25,166
2019-07-12 11:38:24,166
2019-07-12 11:38:23,166
2019-07-12 11:38:22,166
2019-07-12 11:38:21,166
2019-07-12 11:38:20,166
2019-07-12 11:38:19,166
2019-07-12 11:38:18,166
2019-07-12 11:38:17,166
2019-07-12 11:38:16,166
2019-07-12 11:38:15,166
2019-07-12 11:38:14,166
2019-07-12 11:38:13,166
2019-07-12 11:38:12,166
2019-07-12 11:38:11,166
2019-07-12 11:38:10,166
2019-07-12 11:38:09,166
2019-07-12 11:38:08,166
2019-07-12 11:38:07,166
2019-07-12 11:38:06,166
2019-07-12 11:38:05,166
2019-07-12 11:38:04,166
2019-07-12 11:38:03,166
2019-07-12 11:38:02,166
2019-07-12 11:38:01,166
2019-07-12 11:38:00,166
2019-07-12 11:37:59,166
2019-07-12 11:37:58,166
2019-07-12 11:37:57,166
2019-07-12 11:37:56,166
2019-07-12 11:37:55,166
2019-07-12 11:37:54,166
2019-07-12 11:37:53,166
2019-07-12 11:37:52,166
2019-07-12 11:37:51,166
2019-07-12 11:37:50,166
2019-07-12 11:37:49,166
2019-07-12 11:37:48,166
2019-07-12 11:37:47,166
2019-07-12 11:37:46,166
2019-07-12 11:37:45,166
2019-07-12 11:37:44,166
2019-07-12 11:37:43,166
2019-07-12 11:37:42,166
2019-07-12 11:37:41,166
2019-07-12 11:37:40,166
2019-07-12 11:37:39,166
2019-07-12 11:37:38,166
2019-07-12 11:37:37,166
2019-07-12 11:37:36,166
2019-07-12 11:37:35,166
2019-07-12 11:37:34,166
2019-07-12 11:37:33,166
2019-07-12 11:37:32,166
2019-07-12 11:37:31,166
2019-07-12 11:37:30,166
2019-07-12 11:37:29,166
2019-07-12 11:37:28,166
2019-07-12 11:37:27,166
2019-07-12 11:37:26,166
2019-07-12 11:37:25,166
2019-07-12 11:37:24,166
2019-07-12 11:37:23,166
2019-07-12 11:37:22,166
2019-07-12 11:37:21,166
2019-07-12 11:37:20,166
2019-07-12 11:37:19,166
2019-07-12 11:37:18,166
2019-07-12 11:37:17,166
2019-07-12 11:37:16,166
2019-07-12 11:37:15,166
2019-07-12 11:37:14,166
2019-07-12 11:37:13,166
2019-07-12 11:37:12,166
2019-07-12 11:37:11,166
2019-07-12 11:37:10,166
2019-07-12 11:37:09,166
2019-07-12 11:37:08,166
2019-07-12 11:37:07,166
2019-07-12 11:37:06,166
2019-07-12 11:37:05,166
2019-07-12 11:37:04,166
2019-07-12 11:37:03,166
2019-07-12 11:37:02,166
2019-07-12 11:37:01,166
2019-07-12 11:37:00,166
2019-07-12 11:36:59,166
2019-07-12 11:36:58,166
2019-07-12 11:36:57,166
2019-07-12 11:36:56,166
2019-07-12 11:36:55,166
2019-07-12 11:36:54,166
2019-07-12 11:36:53,166
2019-07-12 11:36:52,166
2019-07-12 11:36:51,166
2019-07-12 11:36:50,166
2019-07-12 11:36:49,166
2019-07-12 11:36:48,166
2019-07-12 11:36:47,166
2019-07-12 11:36:46,166
2019-07-12 11:36:45,166
2019-07-12 11:36:44,166
2019-07-12 11:36:43,166
2019-07-12 11:36:42,166
2019-07-12 11:36:41,166
2019-07-12 11:36:40,166
2019-07-12 11:36:39,166
2019-07-12 11:36:38,166
2019-07-12 11:36:37,166
2019-07-12 11:36:36,166
2019-07-12 11:36:35,166
2019-07-12 11:36:34,166
2019-07-12 11:36:33,166
2019-07-12 11:36:32,166
2019-07-12 11:36:31,166
2019-07-12 11:36:30,166
2019-07-12 11:36:29,166
2019-07-12 11:36:28,166
2019-07-12 11:36:27,166
2019-07-12 11:36:26,166
2019-07-12 11:36:25,166
2019-07-12 11:36:24,166
2019-07-12 11:36:23,166
2019-07-12 11:36:22,166
2019-07-12 11:36:21,166
2019-07-12 11:36:20,166
2019-07-12 11:36:19,166
2019-07-12 11:36:18,166
2019-07-12 11:36:17,166
2019-07-12 11:36:16,166
2019-07-12 11:36:15,166
2019-07-12 11:36:14,166
2019-07-12 11:36:13,166
2019-07-12 11:36:12,166
2019-07-12 11:36:11,166
2019-07-12 11:36:10,166
2019-07-12 11:36:09,166
2019-07-12 11:36:08,166
2019-07-12 11:36:07,166
2019-07-12 11:36:06,166
2019-07-12 11:36:05,166
2019-07-12 11:36:04,166
2019-07-12 11:36:03,166
2019-07-12 11:36:02,166
2019-07-12 11:36:01,166
2019-07-12 11:36:00,166
2019-07-12 11:35:59,166
2019-07-12 11:35:58,166
2019-07-12 11:35:57,166
2019-07-12 11:35:56,166
2019-07-12 11:35:55,166
2019-07-12 11:35:54,166
2019-07-12 11:35:53,166
2019-07-12 11:35:52,166
2019-07-12 11:35:51,166
2019-07-12 11:35:50,166
2019-07-12 11:35:49,166
2019-07-12 11:35:48,166
2019-07-12 11:35:47,166
2019-07-12 11:35:46,166
2019-07-12 11:35:45,166
2019-07-12 11:35:44,166
2019-07-12 11:35:43,166
2019-07-12 11:35:42,166
2019-07-12 11:35:41,166
2019-07-12 11:35:40,166
2019-07-12 11:35:39,166
2019-07-12 11:35:38,166
2019-07-12 11:35:37,166
2019-07-12 11:35:36,166
2019-07-12 11:35:35,166
2019-07-12 11:35:34,166
2019-07-12 11:35:33,166
2019-07-12 11:35:32,166
2019-07-12 11:35:31,166
2019-07-12 11:35:30,166
2019-07-12 11:35:29,166
2019-07-12 11:35:28,166
2019-07-12 11:35:27,166
2019-07-12 11:35:26,166
2019-07-12 11:35:25,166
2019-07-12 11:35:24,166
2019-07-12 11:35:23,166
2019-07-12 11:35:22,166
2019-07-12 11:35:21,166
2019-07-12 11:35:20,166
2019-07-12 11:35:19,166
2019-07-12 11:35:18,166
2019-07-12 11:35:17,166
2019-07-12 11:35:16,166
2019-07-12 11:35:15,166
2019-07-12 11:35:14,166
2019-07-12 11:35:13,166
2019-07-12 11:35:12,166
2019-07-12 11:35:11,166
2019-07-12 11:35:10,166
2019-07-12 11:35:09,166
2019-07-12 11:35:08,166
2019-07-12 11:35:07,166
2019-07-12 11:35:06,166
2019-07-12 11:35:05,166
2019-07-12 11:35:04,166
2019-07-12 11:35:03,166
2019-07-12 11:35:02,166
2019-07-12 11:35:01,166
2019-07-12 11:35:00,166
2019-07-12 11:34:59,166
2019-07-12 11:34:58,166
2019-07-12 11:34:57,166
2019-07-12 11:34:56,166
2019-07-12 11:34:55,166
2019-07-12 11:34:54,166
2019-07-12 11:34:53,166
2019-07-12 11:34:52,166
2019-07-12 11:34:51,166
2019-07-12 11:34:50,166
2019-07-12 11:34:49,166
2019-07-12 11:34:48,166
2019-07-12 11:34:47,166
2019-07-12 11:34:46,166
2019-07-12 11:34:45,166
2019-07-12 11:34:44,166
2019-07-12 11:34:43,166
2019-07-12 11:34:42,166
2019-07-12 11:34:41,166
2019-07-12 11:34:40,166
2019-07-12 11:34:39,166
2019-07-12 11:34:38,166
2019-07-12 11:34:37,166
2019-07-12 11:34:36,166
2019-07-12 11:34:35,166
2019-07-12 11:34:34,166
2019-07-12 11:34:33,166
2019-07-12 11:34:32,166
2019-07-12 11:34:31,166
2019-07-12 11:34:30,166
2019-07-12 11:34:29,166
2019-07-12 11:34:28,166
2019-07-12 11:34:27,166
2019-07-12 11:34:26,166
2019-07-12 11:34:25,166
2019-07-12 11:34:24,166
2019-07-12 11:34:23,166
2019-07-12 11:34:22,166
2019-07-12 11:34:21,166
2019-07-12 11:34:20,166
2019-07-12 11:34:19,166
2019-07-12 11:34:18,166
2019-07-12 11:34:17,166
2019-07-12 11:34:16,174
2019-07-12 11:34:15,174
2019-07-12 11:34:14,174
2019-07-12 11:34:13,174
2019-07-12 11:34:12,174
2019-07-12 11:34:11,174
2019-07-12 11:34:10,174
2019-07-12 11:34:09,174
2019-07-12 11:34:08,174
2019-07-12 11:34:07,174
2019-07-12 11:34:06,174
2019-07-12 11:34:05,174
2019-07-12 11:34:04,174
2019-07-12 11:34:03,174
2019-07-12 11:34:02,174
2019-07-12 11:34:01,174
2019-07-12 11:34:00,174
2019-07-12 11:33:59,174
2019-07-12 11:33:58,174
2019-07-12 11:33:57,174
2019-07-12 11:33:56,174
2019-07-12 11:33:55,174
2019-07-12 11:33:54,174
2019-07-12 11:33:53,174
2019-07-12 11:33:52,174
2019-07-12 11:33:51,174
2019-07-12 11:33:50,174
2019-07-12 11:33:49,174
2019-07-12 11:33:48,174
2019-07-12 11:33:47,174
2019-07-12 11:33:46,176
2019-07-12 11:33:45,176
2019-07-12 11:33:44,176
2019-07-12 11:33:43,176
2019-07-12 11:33:42,176
2019-07-12 11:33:41,176
2019-07-12 11:33:40,176
2019-07-12 11:33:39,176
2019-07-12 11:33:38,176
2019-07-12 11:33:37,176
2019-07-12 11:33:36,176
2019-07-12 11:33:35,176
2019-07-12 11:33:34,176
2019-07-12 11:33:33,176
2019-07-12 11:33:32,176
2019-07-12 11:33:31,176
2019-07-12 11:33:30,176
2019-07-12 11:33:29,176
2019-07-12 11:33:28,176
2019-07-12 11:33:27,176
2019-07-12 11:33:26,176
2019-07-12 11:33:25,176
2019-07-12 11:33:24,176
2019-07-12 11:33:23,176
2019-07-12 11:33:22,176
2019-07-12 11:33:21,176
2019-07-12 11:33:20,176
2019-07-12 11:33:19,176
2019-07-12 11:33:18,176
2019-07-12 11:33:17,176
2019-07-12 11:33:16,176
2019-07-12 11:33:15,176
2019-07-12 11:33:14,176
2019-07-12 11:33:13,176
2019-07-12 11:33:12,176
2019-07-12 11:33:11,176
2019-07-12 11:33:10,176
2019-07-12 11:33:09,176
2019-07-12 11:33:08,176
2019-07-12 11:33:07,176
2019-07-12 11:33:06,176
2019-07-12 11:33:05,176
2019-07-12 11:33:04,176
2019-07-12 11:33:03,176
2019-07-12 11:33:02,176
2019-07-12 11:33:01,176
2019-07-12 11:33:00,176
2019-07-12 11:32:59,176
2019-07-12 11:32:58,176
2019-07-12 11:32:57,176
2019-07-12 11:32:56,176
2019-07-12 11:32:55,176
2019-07-12 11:32:54,176
2019-07-12 11:32:53,176
2019-07-12 11:32:52,176
2019-07-12 11:32:51,176
2019-07-12 11:32:50,176
2019-07-12 11:32:49,176
2019-07-12 11:32:48,176
2019-07-12 11:32:47,176
2019-07-12 11:32:46,176
2019-07-12 11:32:45,176
2019-07-12 11:32:44,176
2019-07-12 11:32:43,176
2019-07-12 11:32:42,176
2019-07-12 11:32:41,176
2019-07-12 11:32:40,176
2019-07-12 11:32:39,176
2019-07-12 11:32:38,176
2019-07-12 11:32:37,176
2019-07-12 11:32:36,176
2019-07-12 11:32:35,176
2019-07-12 11:32:34,176
2019-07-12 11:32:33,176
2019-07-12 11:32:32,176
2019-07-12 11:32:31,176
2019-07-12 11:32:30,176
2019-07-12 11:32:29,176
2019-07-12 11:32:28,176
2019-07-12 11:32:27,176
2019-07-12 11:32:26,176
2019-07-12 11:32:25,176
2019-07-12 11:32:24,176
2019-07-12 11:32:23,174
2019-07-12 11:32:22,174
2019-07-12 11:32:21,172
2019-07-12 11:32:20,172
2019-07-12 11:32:19,172
2019-07-12 11:32:18,172
2019-07-12 11:32:17,172
2019-07-12 11:32:16,172
2019-07-12 11:32:15,172
2019-07-12 11:32:14,172
2019-07-12 11:32:13,172
2019-07-12 11:32:12,172
2019-07-12 11:32:11,172
2019-07-12 11:32:10,172
2019-07-12 11:32:09,172
2019-07-12 11:32:08,172
2019-07-12 11:32:07,172
2019-07-12 11:32:06,172
2019-07-12 11:32:05,172
2019-07-12 11:32:04,172
2019-07-12 11:32:03,172
2019-07-12 11:32:02,172
2019-07-12 11:32:01,172
2019-07-12 11:32:00,172
2019-07-12 11:31:59,172
2019-07-12 11:31:58,172
2019-07-12 11:31:57,172
2019-07-12 11:31:56,172
2019-07-12 11:31:55,172
2019-07-12 11:31:54,172
2019-07-12 11:31:53,172
2019-07-12 11:31:52,172
2019-07-12 11:31:51,172
2019-07-12 11:31:50,172
2019-07-12 11:31:49,172
2019-07-12 11:31:48,172
2019-07-12 11:31:47,172
2019-07-12 11:31:46,172
2019-07-12 11:31:45,176
2019-07-12 11:31:44,176
2019-07-12 11:31:43,176
2019-07-12 11:31:42,176
2019-07-12 11:31:41,176
2019-07-12 11:31:40,176
2019-07-12 11:31:39,176
2019-07-12 11:31:38,176
2019-07-12 11:31:37,176
2019-07-12 11:31:36,176
2019-07-12 11:31:35,176
2019-07-12 11:31:34,176
2019-07-12 11:31:33,176
2019-07-12 11:31:32,176
2019-07-12 11:31:31,176
2019-07-12 11:31:30,176
2019-07-12 11:31:29,176
2019-07-12 11:31:28,176
2019-07-12 11:31:27,176
2019-07-12 11:31:26,176
2019-07-12 11:31:25,176
2019-07-12 11:31:24,176
2019-07-12 11:31:23,176
2019-07-12 11:31:22,176
2019-07-12 11:31:21,176
2019-07-12 11:31:20,176
2019-07-12 11:31:19,176
2019-07-12 11:31:18,176
2019-07-12 11:31:17,176
2019-07-12 11:31:16,176
2019-07-12 11:31:15,176
2019-07-12 11:31:14,176
2019-07-12 11:31:13,176
2019-07-12 11:31:12,176
2019-07-12 11:31:11,176
2019-07-12 11:31:10,176
2019-07-12 11:31:09,176
2019-07-12 11:31:08,176
2019-07-12 11:31:07,176
2019-07-12 11:31:06,176
2019-07-12 11:31:05,176
2019-07-12 11:31:04,176
2019-07-12 11:31:03,176
2019-07-12 11:31:02,176
2019-07-12 11:31:01,176
2019-07-12 11:31:00,176
2019-07-12 11:30:59,176
2019-07-12 11:30:58,176
2019-07-12 11:30:57,176
2019-07-12 11:30:56,176
2019-07-12 11:30:55,176
2019-07-12 11:30:54,176
2019-07-12 11:30:53,176
2019-07-12 11:30:52,176
2019-07-12 11:30:51,176
2019-07-12 11:30:50,176
2019-07-12 11:30:49,176
2019-07-12 11:30:48,176
2019-07-12 11:30:47,176
2019-07-12 11:30:46,176
2019-07-12 11:30:45,176
2019-07-12 11:30:44,176
2019-07-12 11:30:43,176
2019-07-12 11:30:42,176
2019-07-12 11:30:41,176
2019-07-12 11:30:40,176
2019-07-12 11:30:39,176
2019-07-12 11:30:38,176
2019-07-12 11:30:37,166
2019-07-12 11:30:36,166
2019-07-12 11:30:35,166
2019-07-12 11:30:34,166
2019-07-12 11:30:33,166
2019-07-12 11:30:32,166
2019-07-12 11:30:31,166
2019-07-12 11:30:30,166
2019-07-12 11:30:29,166
2019-07-12 11:30:28,166
2019-07-12 11:30:27,166
2019-07-12 11:30:26,166
2019-07-12 11:30:25,166
2019-07-12 11:30:24,166
2019-07-12 11:30:23,166
2019-07-12 11:30:22,166
2019-07-12 11:30:21,166
2019-07-12 11:30:20,166
2019-07-12 11:30:19,166
2019-07-12 11:30:18,166
2019-07-12 11:30:17,166
2019-07-12 11:30:16,166
2019-07-12 11:30:15,166
2019-07-12 11:30:14,166
2019-07-12 11:30:13,166
2019-07-12 11:30:12,166
2019-07-12 11:30:11,166
2019-07-12 11:30:10,166
2019-07-12 11:30:09,166
2019-07-12 11:30:08,166
2019-07-12 11:30:07,166
2019-07-12 11:30:06,166
2019-07-12 11:30:05,166
2019-07-12 11:30:04,166
2019-07-12 11:30:03,166
2019-07-12 11:30:02,166
2019-07-12 11:30:01,166
2019-07-12 11:30:00,166
2019-07-12 11:29:59,166
2019-07-12 11:29:58,166
2019-07-12 11:29:57,166
2019-07-12 11:29:56,166
2019-07-12 11:29:55,166
2019-07-12 11:29:54,166
2019-07-12 11:29:53,166
2019-07-12 11:29:52,166
2019-07-12 11:29:51,166
2019-07-12 11:29:50,166
2019-07-12 11:29:49,166
2019-07-12 11:29:48,166
2019-07-12 11:29:47,166
2019-07-12 11:29:46,166
2019-07-12 11:29:45,166
2019-07-12 11:29:44,166
2019-07-12 11:29:43,176
2019-07-12 11:29:42,176
2019-07-12 11:29:41,176
2019-07-12 11:29:40,176
2019-07-12 11:29:39,176
2019-07-12 11:29:38,176
2019-07-12 11:29:37,176
2019-07-12 11:29:36,176
2019-07-12 11:29:35,176
2019-07-12 11:29:34,176
2019-07-12 11:29:33,176
2019-07-12 11:29:32,176
2019-07-12 11:29:31,176
2019-07-12 11:29:30,176
2019-07-12 11:29:29,176
2019-07-12 11:29:28,176
2019-07-12 11:29:27,176
2019-07-12 11:29:26,176
2019-07-12 11:29:25,176
2019-07-12 11:29:24,176
2019-07-12 11:29:23,176
2019-07-12 11:29:22,176
2019-07-12 11:29:21,176
2019-07-12 11:29:20,176
2019-07-12 11:29:19,176
2019-07-12 11:29:18,176
2019-07-12 11:29:17,176
2019-07-12 11:29:16,176
2019-07-12 11:29:15,176
2019-07-12 11:29:14,176
2019-07-12 11:29:13,176
2019-07-12 11:29:12,176
2019-07-12 11:29:11,176
2019-07-12 11:29:10,176
2019-07-12 11:29:09,176
2019-07-12 11:29:08,176
2019-07-12 11:29:07,176
2019-07-12 11:29:06,176
2019-07-12 11:29:05,176
2019-07-12 11:29:04,176
2019-07-12 11:29:03,176
2019-07-12 11:29:02,176
2019-07-12 11:29:01,176
2019-07-12 11:29:00,176
2019-07-12 11:28:59,176
2019-07-12 11:28:58,176
2019-07-12 11:28:57,176
2019-07-12 11:28:56,176
2019-07-12 11:28:55,176
2019-07-12 11:28:54,176
2019-07-12 11:28:53,176
2019-07-12 11:28:52,176
2019-07-12 11:28:51,176
2019-07-12 11:28:50,176
2019-07-12 11:28:49,176
2019-07-12 11:28:48,176
2019-07-12 11:28:47,176
2019-07-12 11:28:46,176
2019-07-12 11:28:45,176
2019-07-12 11:28:44,172
2019-07-12 11:28:43,172
2019-07-12 11:28:42,163
2019-07-12 11:28:41,163
