time,received,sent,forwarded,delivered
2019-07-12 11:48:25,0,0,0,0
2019-07-12 11:48:24,0,0,0,0
2019-07-12 11:48:23,0,0,0,0
2019-07-12 11:48:22,0,0,0,0
2019-07-12 11:48:21,0,0,0,0
2019-07-12 11:48:20,0,0,0,0
2019-07-12 11:48:19,0,0,0,0
2019-07-12 11:48:18,0,0,0,0
2019-07-12 11:48:17,0.2529114,-0.1264557,0,0.2529114
2019-07-12 11:48:16,1.747089,-0.8735443,0,1.747089
2019-07-12 11:48:15,0,0,0,0
2019-07-12 11:48:14,0,0,0,0
2019-07-12 11:48:13,0,0,0,0
2019-07-12 11:48:12,0,0,0,0
2019-07-12 11:48:11,0,0,0,0
2019-07-12 11:48:10,0,0,0,0
2019-07-12 11:48:09,0,0,0,0
2019-07-12 11:48:08,0,0,0,0
2019-07-12 11:48:07,0.2981795,-0.1490898,0,0.2981795
2019-07-12 11:48:06,1.70182,-0.8509102,0,1.70182
2019-07-12 11:48:05,0,0,0,0
2019-07-12 11:48:04,0,0,0,0
2019-07-12 11:48:03,0,0,0,0
2019-07-12 11:48:02,0,0,0,0
2019-07-12 11:48:01,0,0,0,0
2019-07-12 11:48:00,0,0,0,0
2019-07-12 11:47:59,0,0,0,0
2019-07-12 11:47:58,0,0,0,0
2019-07-12 11:47:57,0.2993878,-0.1496939,0,0.2993878
2019-07-12 11:47:56,1.700612,-0.8503061,0,1.700612
2019-07-12 11:47:55,0,0,0,0
2019-07-12 11:47:54,0,0,0,0
2019-07-12 11:47:53,0,0,0,0
2019-07-12 11:47:52,0,0,0,0
2019-07-12 11:47:51,0,0,0,0
2019-07-12 11:47:50,0,0,0,0
2019-07-12 11:47:49,0,0,0,0
2019-07-12 11:47:48,0,0,0,0
2019-07-12 11:47:47,0.2999881,-0.149994,0,0.2999881
2019-07-12 11:47:46,1.700012,-0.850006,0,1.700012
2019-07-12 11:47:45,0,0,0,0
2019-07-12 11:47:44,0,0,0,0
2019-07-12 11:47:43,0,0,0,0
2019-07-12 11:47:42,0,0,0,0
2019-07-12 11:47:41,0,0,0,0
2019-07-12 11:47:40,0,0,0,0
2019-07-12 11:47:39,0,0,0,0
2019-07-12 11:47:38,4.23064,-2.820427,0,4.23064
2019-07-12 11:47:37,20.10892,-13.349352,0,20.10892
2019-07-12 11:47:36,1.6604424,-0.8302212,0,1.6604424
2019-07-12 11:47:35,0,0,0,0
2019-07-12 11:47:34,0,0,0,0
2019-07-12 11:47:33,0,0,0,0
2019-07-12 11:47:32,0,0,0,0
2019-07-12 11:47:31,0,0,0,0
2019-07-12 11:47:30,0,0,0,0
2019-07-12 11:47:29,0,0,0,0
2019-07-12 11:47:28,0,0,0,0
2019-07-12 11:47:27,1.4126527,-0.8829079,0,1.4126527
2019-07-12 11:47:26,6.587347,-4.117092,0,6.587347
2019-07-12 11:47:25,0,0,0,0
2019-07-12 11:47:24,0,0,0,0
2019-07-12 11:47:23,0,0,0,0
2019-07-12 11:47:22,36.09982,-27.33773,0,36.09982
2019-07-12 11:47:21,174.0717,-131.83262,0,174.0717
2019-07-12 11:47:20,20.82849,-15.829654,0,20.82849
2019-07-12 11:47:19,0,0,0,0
2019-07-12 11:47:18,0,0,0,0
2019-07-12 11:47:17,0.3368275,-0.1684138,0,0.3368275
2019-07-12 11:47:16,1.6631725,-0.8315862,0,1.6631725
2019-07-12 11:47:15,0,0,0,0
2019-07-12 11:47:14,0,0,0,0
2019-07-12 11:47:13,0,0,0,0
2019-07-12 11:47:12,0,0,0,0
2019-07-12 11:47:11,0,0,0,0
2019-07-12 11:47:10,0,0,0,0
2019-07-12 11:47:09,0,0,0,0
2019-07-12 11:47:08,0,0,0,0
2019-07-12 11:47:07,0.3791139,-0.1895569,0,0.3791139
2019-07-12 11:47:06,1.6208861,-0.8104431,0,1.6208861
2019-07-12 11:47:05,0,0,0,0
2019-07-12 11:47:04,0,0,0,0
2019-07-12 11:47:03,0,0,0,0
2019-07-12 11:47:02,0,0,0,0
2019-07-12 11:47:01,0,0,0,0
2019-07-12 11:47:00,0,0,0,0
2019-07-12 11:46:59,2.280321,-1.520214,0,2.280321
2019-07-12 11:46:58,12.624773,-8.416516,0,12.624773
2019-07-12 11:46:57,14.817722,-9.813652,0,14.817722
2019-07-12 11:46:56,12.987642,-8.389924,0,12.987642
2019-07-12 11:46:55,9.188294,-6.378697,0,9.188294
2019-07-12 11:46:54,11.381819,-9.182646,0,11.381819
2019-07-12 11:46:53,18.77235,-14.213498,0,18.77235
2019-07-12 11:46:52,21.5205,-12.467131,0,21.5205
2019-07-12 11:46:51,6.204985,-3.506923,0,6.204985
2019-07-12 11:46:50,23.75922,-12.556065,0,23.75922
2019-07-12 11:46:49,31.46238,-18.55473,0,31.46238
2019-07-12 11:46:48,0,0,0,0
2019-07-12 11:46:47,0,0,0,0
2019-07-12 11:46:46,0.3980996,-0.1990498,0,0.3980996
2019-07-12 11:46:45,1.6019004,-0.8009502,0,1.6019004
2019-07-12 11:46:44,0,0,0,0
2019-07-12 11:46:43,0,0,0,0
2019-07-12 11:46:42,0,0,0,0
2019-07-12 11:46:41,0,0,0,0
2019-07-12 11:46:40,0,0,0,0
2019-07-12 11:46:39,0,0,0,0
2019-07-12 11:46:38,0,0,0,0
2019-07-12 11:46:37,0,0,0,0
2019-07-12 11:46:36,0,0,0,0
2019-07-12 11:46:35,0.4187033,-0.2093517,0,0.4187033
2019-07-12 11:46:34,1.5812967,-0.7906483,0,1.5812967
2019-07-12 11:46:33,0,0,0,0
2019-07-12 11:46:32,0,0,0,0
2019-07-12 11:46:31,0,0,0,0
2019-07-12 11:46:30,0,0,0,0
2019-07-12 11:46:29,0,0,0,0
2019-07-12 11:46:28,0,0,0,0
2019-07-12 11:46:27,0,0,0,0
2019-07-12 11:46:26,0,0,0,0
2019-07-12 11:46:25,0.4288057,-0.2144029,0,0.4288057
2019-07-12 11:46:24,1.5711943,-0.7855971,0,1.5711943
2019-07-12 11:46:23,0,0,0,0
2019-07-12 11:46:22,0,0,0,0
2019-07-12 11:46:21,0,0,0,0
2019-07-12 11:46:20,0,0,0,0
2019-07-12 11:46:19,0,0,0,0
2019-07-12 11:46:18,0,0,0,0
2019-07-12 11:46:17,0,0,0,0
2019-07-12 11:46:16,0,0,0,0
2019-07-12 11:46:15,0,0,0,0
2019-07-12 11:46:14,0,0,0,0
2019-07-12 11:46:13,0,0,0,0
2019-07-12 11:46:12,0,0,0,0
2019-07-12 11:46:11,0,0,0,0
2019-07-12 11:46:10,0,0,0,0
2019-07-12 11:46:09,0,0,0,0
2019-07-12 11:46:08,0.473577,-0.2367885,0,0.473577
2019-07-12 11:46:07,1.526423,-0.7632115,0,1.526423
2019-07-12 11:46:06,0,0,0,0
2019-07-12 11:46:05,6.310689,-3.681235,0,6.310689
2019-07-12 11:46:04,25.89057,-16.3491,0,25.89057
2019-07-12 11:46:03,25.79874,-18.96966,0,25.79874
2019-07-12 11:46:02,0,0,0,0
2019-07-12 11:46:01,0,0,0,0
2019-07-12 11:46:00,0,0,0,0
2019-07-12 11:45:59,0,0,0,0
2019-07-12 11:45:58,0.4712345,-0.2356173,0,0.4712345
2019-07-12 11:45:57,1.5287655,-0.7643827,0,1.5287655
2019-07-12 11:45:56,0,0,0,0
2019-07-12 11:45:55,0,0,0,0
2019-07-12 11:45:54,0,0,0,0
2019-07-12 11:45:53,0,0,0,0
2019-07-12 11:45:52,0,0,0,0
2019-07-12 11:45:51,0,0,0,0
2019-07-12 11:45:50,0,0,0,0
2019-07-12 11:45:49,0,0,0,0
2019-07-12 11:45:48,0.4586936,-0.2293468,0,0.4586936
2019-07-12 11:45:47,1.5413064,-0.7706532,0,1.5413064
2019-07-12 11:45:46,0,0,0,0
2019-07-12 11:45:45,0,0,0,0
2019-07-12 11:45:44,0,0,0,0
2019-07-12 11:45:43,0,0,0,0
2019-07-12 11:45:42,0,0,0,0
2019-07-12 11:45:41,0,0,0,0
2019-07-12 11:45:40,0,0,0,0
2019-07-12 11:45:39,0,0,0,0
2019-07-12 11:45:38,0,0,0,0
2019-07-12 11:45:37,0.5001519,-0.2500759,0,0.5001519
2019-07-12 11:45:36,1.4998481,-0.7499241,0,1.4998481
2019-07-12 11:45:35,0,0,0,0
2019-07-12 11:45:34,0,0,0,0
2019-07-12 11:45:33,0,0,0,0
2019-07-12 11:45:32,0,0,0,0
2019-07-12 11:45:31,0,0,0,0
2019-07-12 11:45:30,0,0,0,0
2019-07-12 11:45:29,0,0,0,0
2019-07-12 11:45:28,0,0,0,0
2019-07-12 11:45:27,0.4992859,-0.249643,0,0.4992859
2019-07-12 11:45:26,1.5007141,-0.750357,0,1.5007141
2019-07-12 11:45:25,0,0,0,0
2019-07-12 11:45:24,0,0,0,0
2019-07-12 11:45:23,0,0,0,0
2019-07-12 11:45:22,0,0,0,0
2019-07-12 11:45:21,0,0,0,0
2019-07-12 11:45:20,0,0,0,0
2019-07-12 11:45:19,0,0,0,0
2019-07-12 11:45:18,0,0,0,0
2019-07-12 11:45:17,0.5043867,-0.2521934,0,0.5043867
2019-07-12 11:45:16,1.4956133,-0.7478066,0,1.4956133
2019-07-12 11:45:15,0,0,0,0
2019-07-12 11:45:14,0,0,0,0
2019-07-12 11:45:13,0,0,0,0
2019-07-12 11:45:12,0,0,0,0
2019-07-12 11:45:11,0,0,0,0
2019-07-12 11:45:10,0,0,0,0
2019-07-12 11:45:09,0,0,0,0
2019-07-12 11:45:08,0,0,0,0
2019-07-12 11:45:07,0.5713344,-0.2856672,0,0.5713344
2019-07-12 11:45:06,1.4286656,-0.7143328,0,1.4286656
2019-07-12 11:45:05,0,0,0,0
2019-07-12 11:45:04,0,0,0,0
2019-07-12 11:45:03,0,0,0,0
2019-07-12 11:45:02,0,0,0,0
2019-07-12 11:45:01,0,0,0,0
2019-07-12 11:45:00,0,0,0,0
2019-07-12 11:44:59,0,0,0,0
2019-07-12 11:44:58,0,0,0,0
2019-07-12 11:44:57,0.5706635,-0.2853318,0,0.5706635
2019-07-12 11:44:56,1.4293365,-0.7146682,0,1.4293365
2019-07-12 11:44:55,0,0,0,0
2019-07-12 11:44:54,0,0,0,0
2019-07-12 11:44:53,0,0,0,0
2019-07-12 11:44:52,0,0,0,0
2019-07-12 11:44:51,0,0,0,0
2019-07-12 11:44:50,0,0,0,0
2019-07-12 11:44:49,0,0,0,0
2019-07-12 11:44:48,0,0,0,0
2019-07-12 11:44:47,0.5769641,-0.2884821,0,0.5769641
2019-07-12 11:44:46,1.4230359,-0.7115179,0,1.4230359
2019-07-12 11:44:45,0,0,0,0
2019-07-12 11:44:44,0,0,0,0
2019-07-12 11:44:43,0,0,0,0
2019-07-12 11:44:42,0,0,0,0
2019-07-12 11:44:41,0,0,0,0
2019-07-12 11:44:40,0,0,0,0
2019-07-12 11:44:39,0,0,0,0
2019-07-12 11:44:38,0,0,0,0
2019-07-12 11:44:37,0.5962129,-0.2981064,0,0.5962129
2019-07-12 11:44:36,1.4037871,-0.7018936,0,1.4037871
2019-07-12 11:44:35,0,0,0,0
2019-07-12 11:44:34,0,0,0,0
2019-07-12 11:44:33,0,0,0,0
2019-07-12 11:44:32,0,0,0,0
2019-07-12 11:44:31,0,0,0,0
2019-07-12 11:44:30,0,0,0,0
2019-07-12 11:44:29,0,0,0,0
2019-07-12 11:44:28,0,0,0,0
2019-07-12 11:44:27,4.687163,-3.222425,0,4.687163
2019-07-12 11:44:26,11.312837,-7.777575,0,11.312837
2019-07-12 11:44:25,0,0,0,0
2019-07-12 11:44:24,0,0,0,0
2019-07-12 11:44:23,0,0,0,0
2019-07-12 11:44:22,0,0,0,0
2019-07-12 11:44:21,0,0,0,0
2019-07-12 11:44:20,0,0,0,0
2019-07-12 11:44:19,0,0,0,0
2019-07-12 11:44:18,0,0,0,0
2019-07-12 11:44:17,0.5849211,-0.2924605,0,0.5849211
2019-07-12 11:44:16,1.4150789,-0.7075395,0,1.4150789
2019-07-12 11:44:15,0,0,0,0
2019-07-12 11:44:14,0,0,0,0
2019-07-12 11:44:13,0,0,0,0
2019-07-12 11:44:12,0,0,0,0
2019-07-12 11:44:11,0,0,0,0
2019-07-12 11:44:10,0,0,0,0
2019-07-12 11:44:09,0,0,0,0
2019-07-12 11:44:08,0,0,0,0
2019-07-12 11:44:07,0.6345855,-0.3172927,0,0.6345855
2019-07-12 11:44:06,1.3654145,-0.6827073,0,1.3654145
2019-07-12 11:44:05,0,0,0,0
2019-07-12 11:44:04,0,0,0,0
2019-07-12 11:44:03,0,0,0,0
2019-07-12 11:44:02,0,0,0,0
2019-07-12 11:44:01,0,0,0,0
2019-07-12 11:44:00,0,0,0,0
2019-07-12 11:43:59,0,0,0,0
2019-07-12 11:43:58,0,0,0,0
2019-07-12 11:43:57,0.6293634,-0.3146817,0,0.6293634
2019-07-12 11:43:56,1.3706366,-0.6853183,0,1.3706366
2019-07-12 11:43:55,0,0,0,0
2019-07-12 11:43:54,0,0,0,0
2019-07-12 11:43:53,0,0,0,0
2019-07-12 11:43:52,0,0,0,0
2019-07-12 11:43:51,0,0,0,0
2019-07-12 11:43:50,0,0,0,0
2019-07-12 11:43:49,0,0,0,0
2019-07-12 11:43:48,0,0,0,0
2019-07-12 11:43:47,0.6222801,-0.3111401,0,0.6222801
2019-07-12 11:43:46,1.3777199,-0.6888599,0,1.3777199
2019-07-12 11:43:45,0,0,0,0
2019-07-12 11:43:44,0,0,0,0
2019-07-12 11:43:43,0,0,0,0
2019-07-12 11:43:42,0,0,0,0
2019-07-12 11:43:41,0,0,0,0
2019-07-12 11:43:40,0,0,0,0
2019-07-12 11:43:39,0,0,0,0
2019-07-12 11:43:38,14.616365,-9.177717,0,14.616365
2019-07-12 11:43:37,29.05545,-18.15819,0,29.05545
2019-07-12 11:43:36,10.584482,-5.806479,0,10.584482
2019-07-12 11:43:35,24.94148,-13.627879,0,24.94148
2019-07-12 11:43:34,20.65925,-11.0011,0,20.65925
2019-07-12 11:43:33,20.26292,-10.958129,0,20.26292
2019-07-12 11:43:32,20.54308,-10.935166,0,20.54308
2019-07-12 11:43:31,20.32002,-10.993124,0,20.32002
2019-07-12 11:43:30,21.0034,-11.001779,0,21.0034
2019-07-12 11:43:29,22.46934,-12.413904,0,22.46934
2019-07-12 11:43:28,20.69132,-12.691266,0,20.69132
2019-07-12 11:43:27,16.129712,-11.098008,0,16.129712
2019-07-12 11:43:26,17.78966,-13.203732,0,17.78966
2019-07-12 11:43:25,8.953783,-7.615049,0,8.953783
2019-07-12 11:43:24,14.328296,-10.663519,0,14.328296
2019-07-12 11:43:23,8.651449,-6.654961,0,8.651449
2019-07-12 11:43:22,0,0,0,0
2019-07-12 11:43:21,0,0,0,0
2019-07-12 11:43:20,0,0,0,0
2019-07-12 11:43:19,0,0,0,0
2019-07-12 11:43:18,0,0,0,0
2019-07-12 11:43:17,0.6656912,-0.3328456,0,0.6656912
2019-07-12 11:43:16,1.3343088,-0.6671544,0,1.3343088
2019-07-12 11:43:15,0,0,0,0
2019-07-12 11:43:14,0,0,0,0
2019-07-12 11:43:13,0,0,0,0
2019-07-12 11:43:12,0,0,0,0
2019-07-12 11:43:11,0,0,0,0
2019-07-12 11:43:10,0,0,0,0
2019-07-12 11:43:09,0,0,0,0
2019-07-12 11:43:08,0,0,0,0
2019-07-12 11:43:07,0,0,0,0
2019-07-12 11:43:06,0.7105758,-0.3552879,0,0.7105758
2019-07-12 11:43:05,1.2894242,-0.6447121,0,1.2894242
2019-07-12 11:43:04,0,0,0,0
2019-07-12 11:43:03,0,0,0,0
2019-07-12 11:43:02,0,0,0,0
2019-07-12 11:43:01,0,0,0,0
2019-07-12 11:43:00,0,0,0,0
2019-07-12 11:42:59,0,0,0,0
2019-07-12 11:42:58,0,0,0,0
2019-07-12 11:42:57,0,0,0,0
2019-07-12 11:42:56,0.7095329,-0.3547665,0,0.7095329
2019-07-12 11:42:55,1.2904671,-0.6452335,0,1.2904671
2019-07-12 11:42:54,0,0,0,0
2019-07-12 11:42:53,0,0,0,0
2019-07-12 11:42:52,0,0,0,0
2019-07-12 11:42:51,0,0,0,0
2019-07-12 11:42:50,0,0,0,0
2019-07-12 11:42:49,0,0,0,0
2019-07-12 11:42:48,0,0,0,0
2019-07-12 11:42:47,0,0,0,0
2019-07-12 11:42:46,0,0,0,0
2019-07-12 11:42:45,0,0,0,0
2019-07-12 11:42:44,0.7236146,-0.3618073,0,0.7236146
2019-07-12 11:42:43,1.2763854,-0.6381927,0,1.2763854
2019-07-12 11:42:42,0,0,0,0
2019-07-12 11:42:41,0,0,0,0
2019-07-12 11:42:40,0,0,0,0
2019-07-12 11:42:39,0,0,0,0
2019-07-12 11:42:38,0,0,0,0
2019-07-12 11:42:37,0,0,0,0
2019-07-12 11:42:36,0,0,0,0
2019-07-12 11:42:35,0,0,0,0
2019-07-12 11:42:34,0,0,0,0
2019-07-12 11:42:33,0,0,0,0
2019-07-12 11:42:32,0,0,0,0
2019-07-12 11:42:31,0,0,0,0
2019-07-12 11:42:30,0,0,0,0
2019-07-12 11:42:29,0.7534089,-0.3767045,0,0.7534089
2019-07-12 11:42:28,1.2465911,-0.6232955,0,1.2465911
2019-07-12 11:42:27,0,0,0,0
2019-07-12 11:42:26,0,0,0,0
2019-07-12 11:42:25,0,0,0,0
2019-07-12 11:42:24,0,0,0,0
2019-07-12 11:42:23,0,0,0,0
2019-07-12 11:42:22,0,0,0,0
2019-07-12 11:42:21,0,0,0,0
2019-07-12 11:42:20,0,0,0,0
2019-07-12 11:42:19,0,0,0,0
2019-07-12 11:42:18,0,0,0,0
2019-07-12 11:42:17,0,0,0,0
2019-07-12 11:42:16,0,0,0,0
2019-07-12 11:42:15,0,0,0,0
2019-07-12 11:42:14,0.765016,-0.382508,0,0.765016
2019-07-12 11:42:13,1.234984,-0.617492,0,1.234984
2019-07-12 11:42:12,0,0,0,0
2019-07-12 11:42:11,0,0,0,0
2019-07-12 11:42:10,0,0,0,0
2019-07-12 11:42:09,0,0,0,0
2019-07-12 11:42:08,0,0,0,0
2019-07-12 11:42:07,0,0,0,0
2019-07-12 11:42:06,0,0,0,0
2019-07-12 11:42:05,0,0,0,0
2019-07-12 11:42:04,0,0,0,0
2019-07-12 11:42:03,0,0,0,0
2019-07-12 11:42:02,0,0,0,0
2019-07-12 11:42:01,0.7910919,-0.395546,0,0.7910919
2019-07-12 11:42:00,1.2089081,-0.604454,0,1.2089081
2019-07-12 11:41:59,0,0,0,0
2019-07-12 11:41:58,0,0,0,0
2019-07-12 11:41:57,0,0,0,0
2019-07-12 11:41:56,0,0,0,0
2019-07-12 11:41:55,0,0,0,0
2019-07-12 11:41:54,0,0,0,0
2019-07-12 11:41:53,0,0,0,0
2019-07-12 11:41:52,0,0,0,0
2019-07-12 11:41:51,0.7868274,-0.3934137,0,0.7868274
2019-07-12 11:41:50,1.2131726,-0.6065863,0,1.2131726
2019-07-12 11:41:49,0,0,0,0
2019-07-12 11:41:48,0,0,0,0
2019-07-12 11:41:47,0,0,0,0
2019-07-12 11:41:46,0,0,0,0
2019-07-12 11:41:45,0,0,0,0
2019-07-12 11:41:44,0,0,0,0
2019-07-12 11:41:43,0,0,0,0
2019-07-12 11:41:42,0,0,0,0
2019-07-12 11:41:41,0.8076418,-0.4038209,0,0.8076418
2019-07-12 11:41:40,1.1923582,-0.5961791,0,1.1923582
2019-07-12 11:41:39,0,0,0,0
2019-07-12 11:41:38,0,0,0,0
2019-07-12 11:41:37,0,0,0,0
2019-07-12 11:41:36,0,0,0,0
2019-07-12 11:41:35,0,0,0,0
2019-07-12 11:41:34,0,0,0,0
2019-07-12 11:41:33,0,0,0,0
2019-07-12 11:41:32,0,0,0,0
2019-07-12 11:41:31,0.8122212,-0.4061106,0,0.8122212
2019-07-12 11:41:30,1.1877788,-0.5938894,0,1.1877788
2019-07-12 11:41:29,0,0,0,0
2019-07-12 11:41:28,0,0,0,0
2019-07-12 11:41:27,0,0,0,0
2019-07-12 11:41:26,0,0,0,0
2019-07-12 11:41:25,0,0,0,0
2019-07-12 11:41:24,0,0,0,0
2019-07-12 11:41:23,0,0,0,0
2019-07-12 11:41:22,0,0,0,0
2019-07-12 11:41:21,0.8075472,-0.4037736,0,0.8075472
2019-07-12 11:41:20,1.1924528,-0.5962264,0,1.1924528
2019-07-12 11:41:19,0,0,0,0
2019-07-12 11:41:18,0,0,0,0
2019-07-12 11:41:17,0,0,0,0
2019-07-12 11:41:16,0,0,0,0
2019-07-12 11:41:15,0,0,0,0
2019-07-12 11:41:14,0,0,0,0
2019-07-12 11:41:13,0,0,0,0
2019-07-12 11:41:12,0,0,0,0
2019-07-12 11:41:11,0.7952976,-0.3976488,0,0.7952976
2019-07-12 11:41:10,1.2047024,-0.6023512,0,1.2047024
2019-07-12 11:41:09,0,0,0,0
2019-07-12 11:41:08,0,0,0,0
2019-07-12 11:41:07,0,0,0,0
2019-07-12 11:41:06,0,0,0,0
2019-07-12 11:41:05,0,0,0,0
2019-07-12 11:41:04,0,0,0,0
2019-07-12 11:41:03,0,0,0,0
2019-07-12 11:41:02,0,0,0,0
2019-07-12 11:41:01,0.7919017,-0.3959509,0,0.7919017
2019-07-12 11:41:00,1.2080983,-0.6040491,0,1.2080983
2019-07-12 11:40:59,0,0,0,0
2019-07-12 11:40:58,0,0,0,0
2019-07-12 11:40:57,0,0,0,0
2019-07-12 11:40:56,0,0,0,0
2019-07-12 11:40:55,0,0,0,0
2019-07-12 11:40:54,0,0,0,0
2019-07-12 11:40:53,0,0,0,0
2019-07-12 11:40:52,0,0,0,0
2019-07-12 11:40:51,0.7948523,-0.3974261,0,0.7948523
2019-07-12 11:40:50,1.2051477,-0.6025739,0,1.2051477
2019-07-12 11:40:49,0,0,0,0
2019-07-12 11:40:48,0,0,0,0
2019-07-12 11:40:47,0,0,0,0
2019-07-12 11:40:46,0,0,0,0
2019-07-12 11:40:45,0,0,0,0
2019-07-12 11:40:44,0,0,0,0
2019-07-12 11:40:43,0,0,0,0
2019-07-12 11:40:42,0,0,0,0
2019-07-12 11:40:41,0,0,0,0
2019-07-12 11:40:40,0,0,0,0
2019-07-12 11:40:39,0,0,0,0
2019-07-12 11:40:38,0,0,0,0
2019-07-12 11:40:37,0,0,0,0
2019-07-12 11:40:36,0.8379138,-0.4189569,0,0.8379138
2019-07-12 11:40:35,1.1620862,-0.5810431,0,1.1620862
2019-07-12 11:40:34,0,0,0,0
2019-07-12 11:40:33,0,0,0,0
2019-07-12 11:40:32,0,0,0,0
2019-07-12 11:40:31,0,0,0,0
2019-07-12 11:40:30,0,0,0,0
2019-07-12 11:40:29,0,0,0,0
2019-07-12 11:40:28,0,0,0,0
2019-07-12 11:40:27,0,0,0,0
2019-07-12 11:40:26,0,0,0,0
2019-07-12 11:40:25,0,0,0,0
2019-07-12 11:40:24,0.8338171,-0.4169086,0,0.8338171
2019-07-12 11:40:23,1.1661829,-0.5830914,0,1.1661829
2019-07-12 11:40:22,0,0,0,0
2019-07-12 11:40:21,0,0,0,0
2019-07-12 11:40:20,0,0,0,0
2019-07-12 11:40:19,0,0,0,0
2019-07-12 11:40:18,0,0,0,0
2019-07-12 11:40:17,0,0,0,0
2019-07-12 11:40:16,0,0,0,0
2019-07-12 11:40:15,0,0,0,0
2019-07-12 11:40:14,0.8536154,-0.4268077,0,0.8536154
2019-07-12 11:40:13,1.1463846,-0.5731923,0,1.1463846
2019-07-12 11:40:12,0,0,0,0
2019-07-12 11:40:11,0,0,0,0
2019-07-12 11:40:10,0,0,0,0
2019-07-12 11:40:09,0,0,0,0
2019-07-12 11:40:08,0,0,0,0
2019-07-12 11:40:07,0,0,0,0
2019-07-12 11:40:06,0,0,0,0
2019-07-12 11:40:05,0,0,0,0
2019-07-12 11:40:04,0,0,0,0
2019-07-12 11:40:03,0.8812645,-0.4406322,0,0.8812645
2019-07-12 11:40:02,1.1187355,-0.5593678,0,1.1187355
2019-07-12 11:40:01,0,0,0,0
2019-07-12 11:40:00,0,0,0,0
2019-07-12 11:39:59,0,0,0,0
2019-07-12 11:39:58,0,0,0,0
2019-07-12 11:39:57,0,0,0,0
2019-07-12 11:39:56,0,0,0,0
2019-07-12 11:39:55,0,0,0,0
2019-07-12 11:39:54,0,0,0,0
2019-07-12 11:39:53,0.8748515,-0.4374257,0,0.8748515
2019-07-12 11:39:52,1.1251485,-0.5625743,0,1.1251485
2019-07-12 11:39:51,0,0,0,0
2019-07-12 11:39:50,0,0,0,0
2019-07-12 11:39:49,0,0,0,0
2019-07-12 11:39:48,0,0,0,0
2019-07-12 11:39:47,0,0,0,0
2019-07-12 11:39:46,0,0,0,0
2019-07-12 11:39:45,0,0,0,0
2019-07-12 11:39:44,0,0,0,0
2019-07-12 11:39:43,0,0,0,0
2019-07-12 11:39:42,0,0,0,0
2019-07-12 11:39:41,0.9179247,-0.4589624,0,0.9179247
2019-07-12 11:39:40,1.0820753,-0.5410376,0,1.0820753
2019-07-12 11:39:39,0,0,0,0
2019-07-12 11:39:38,0,0,0,0
2019-07-12 11:39:37,0,0,0,0
2019-07-12 11:39:36,0,0,0,0
2019-07-12 11:39:35,0,0,0,0
2019-07-12 11:39:34,0,0,0,0
2019-07-12 11:39:33,0,0,0,0
2019-07-12 11:39:32,0,0,0,0
2019-07-12 11:39:31,0.9181398,-0.4590699,0,0.9181398
2019-07-12 11:39:30,1.0818602,-0.5409301,0,1.0818602
2019-07-12 11:39:29,0,0,0,0
2019-07-12 11:39:28,0,0,0,0
2019-07-12 11:39:27,0,0,0,0
2019-07-12 11:39:26,0,0,0,0
2019-07-12 11:39:25,0,0,0,0
2019-07-12 11:39:24,0,0,0,0
2019-07-12 11:39:23,0,0,0,0
2019-07-12 11:39:22,0,0,0,0
2019-07-12 11:39:21,0.9263555,-0.4631777,0,0.9263555
2019-07-12 11:39:20,1.0736445,-0.5368223,0,1.0736445
2019-07-12 11:39:19,0,0,0,0
2019-07-12 11:39:18,0,0,0,0
2019-07-12 11:39:17,0,0,0,0
2019-07-12 11:39:16,0,0,0,0
2019-07-12 11:39:15,0,0,0,0
2019-07-12 11:39:14,0,0,0,0
2019-07-12 11:39:13,0,0,0,0
2019-07-12 11:39:12,0,0,0,0
2019-07-12 11:39:11,0.964931,-0.4824655,0,0.964931
2019-07-12 11:39:10,1.035069,-0.5175345,0,1.035069
2019-07-12 11:39:09,0,0,0,0
2019-07-12 11:39:08,0,0,0,0
2019-07-12 11:39:07,0,0,0,0
2019-07-12 11:39:06,0,0,0,0
2019-07-12 11:39:05,0,0,0,0
2019-07-12 11:39:04,0,0,0,0
2019-07-12 11:39:03,0,0,0,0
2019-07-12 11:39:02,0,0,0,0
2019-07-12 11:39:01,0.9592478,-0.4796239,0,0.9592478
2019-07-12 11:39:00,1.0407522,-0.5203761,0,1.0407522
2019-07-12 11:38:59,0,0,0,0
2019-07-12 11:38:58,0,0,0,0
2019-07-12 11:38:57,0,0,0,0
2019-07-12 11:38:56,0,0,0,0
2019-07-12 11:38:55,0,0,0,0
2019-07-12 11:38:54,0,0,0,0
2019-07-12 11:38:53,0,0,0,0
2019-07-12 11:38:52,0,0,0,0
2019-07-12 11:38:51,0,0,0,0
2019-07-12 11:38:50,0,0,0,0
2019-07-12 11:38:49,0.9673381,-0.483669,0,0.9673381
2019-07-12 11:38:48,1.0326619,-0.516331,0,1.0326619
2019-07-12 11:38:47,0,0,0,0
2019-07-12 11:38:46,0,0,0,0
2019-07-12 11:38:45,0,0,0,0
2019-07-12 11:38:44,0,0,0,0
2019-07-12 11:38:43,0,0,0,0
2019-07-12 11:38:42,0,0,0,0
2019-07-12 11:38:41,0,0,0,0
2019-07-12 11:38:40,0,0,0,0
2019-07-12 11:38:39,1.0001301,-0.500065,0,1.0001301
2019-07-12 11:38:38,0.9998699,-0.499935,0,0.9998699
2019-07-12 11:38:37,0,0,0,0
2019-07-12 11:38:36,0,0,0,0
2019-07-12 11:38:35,0,0,0,0
2019-07-12 11:38:34,0,0,0,0
2019-07-12 11:38:33,0,0,0,0
2019-07-12 11:38:32,0,0,0,0
2019-07-12 11:38:31,0,0,0,0
2019-07-12 11:38:30,0,0,0,0
2019-07-12 11:38:29,1.0099519,-0.504976,0,1.0099519
2019-07-12 11:38:28,0.9900481,-0.495024,0,0.9900481
2019-07-12 11:38:27,0,0,0,0
2019-07-12 11:38:26,0,0,0,0
2019-07-12 11:38:25,0,0,0,0
2019-07-12 11:38:24,0,0,0,0
2019-07-12 11:38:23,0,0,0,0
2019-07-12 11:38:22,0,0,0,0
2019-07-12 11:38:21,0,0,0,0
2019-07-12 11:38:20,0,0,0,0
2019-07-12 11:38:19,1.0005931,-0.5002966,0,1.0005931
2019-07-12 11:38:18,0.9994069,-0.4997034,0,0.9994069
2019-07-12 11:38:17,0,0,0,0
2019-07-12 11:38:16,0,0,0,0
2019-07-12 11:38:15,0,0,0,0
2019-07-12 11:38:14,0,0,0,0
2019-07-12 11:38:13,0,0,0,0
2019-07-12 11:38:12,0,0,0,0
2019-07-12 11:38:11,0,0,0,0
2019-07-12 11:38:10,0,0,0,0
2019-07-12 11:38:09,1.0427659,-0.5213829,0,1.0427659
2019-07-12 11:38:08,0.9572341,-0.4786171,0,0.9572341
2019-07-12 11:38:07,0,0,0,0
2019-07-12 11:38:06,0,0,0,0
2019-07-12 11:38:05,0,0,0,0
2019-07-12 11:38:04,0,0,0,0
2019-07-12 11:38:03,0,0,0,0
2019-07-12 11:38:02,0,0,0,0
2019-07-12 11:38:01,0,0,0,0
2019-07-12 11:38:00,0,0,0,0
2019-07-12 11:37:59,1.0423046,-0.5211523,0,1.0423046
2019-07-12 11:37:58,0.9576954,-0.4788477,0,0.9576954
2019-07-12 11:37:57,0,0,0,0
2019-07-12 11:37:56,0,0,0,0
2019-07-12 11:37:55,0,0,0,0
2019-07-12 11:37:54,0,0,0,0
2019-07-12 11:37:53,0,0,0,0
2019-07-12 11:37:52,0,0,0,0
2019-07-12 11:37:51,0,0,0,0
2019-07-12 11:37:50,0,0,0,0
2019-07-12 11:37:49,1.0461312,-0.5230656,0,1.0461312
2019-07-12 11:37:48,0.9538688,-0.4769344,0,0.9538688
2019-07-12 11:37:47,0,0,0,0
2019-07-12 11:37:46,0,0,0,0
2019-07-12 11:37:45,0,0,0,0
2019-07-12 11:37:44,0,0,0,0
2019-07-12 11:37:43,0,0,0,0
2019-07-12 11:37:42,0,0,0,0
2019-07-12 11:37:41,0,0,0,0
2019-07-12 11:37:40,0,0,0,0
2019-07-12 11:37:39,0,0,0,0
2019-07-12 11:37:38,0,0,0,0
2019-07-12 11:37:37,1.0909339,-0.5454669,0,1.0909339
2019-07-12 11:37:36,0.9090661,-0.4545331,0,0.9090661
2019-07-12 11:37:35,0,0,0,0
2019-07-12 11:37:34,0,0,0,0
2019-07-12 11:37:33,0,0,0,0
2019-07-12 11:37:32,0,0,0,0
2019-07-12 11:37:31,0,0,0,0
2019-07-12 11:37:30,0,0,0,0
2019-07-12 11:37:29,0,0,0,0
2019-07-12 11:37:28,0,0,0,0
2019-07-12 11:37:27,1.0867167,-0.5433584,0,1.0867167
2019-07-12 11:37:26,0.9132833,-0.4566416,0,0.9132833
2019-07-12 11:37:25,0,0,0,0
2019-07-12 11:37:24,0,0,0,0
2019-07-12 11:37:23,0,0,0,0
2019-07-12 11:37:22,0,0,0,0
2019-07-12 11:37:21,0,0,0,0
2019-07-12 11:37:20,0,0,0,0
2019-07-12 11:37:19,0,0,0,0
2019-07-12 11:37:18,0,0,0,0
2019-07-12 11:37:17,1.0872781,-0.543639,0,1.0872781
2019-07-12 11:37:16,0.9127219,-0.456361,0,0.9127219
2019-07-12 11:37:15,0,0,0,0
2019-07-12 11:37:14,0,0,0,0
2019-07-12 11:37:13,0,0,0,0
2019-07-12 11:37:12,0,0,0,0
2019-07-12 11:37:11,0,0,0,0
2019-07-12 11:37:10,0,0,0,0
2019-07-12 11:37:09,0,0,0,0
2019-07-12 11:37:08,0,0,0,0
2019-07-12 11:37:07,1.1442544,-0.5721272,0,1.1442544
2019-07-12 11:37:06,0.8557456,-0.4278728,0,0.8557456
2019-07-12 11:37:05,0,0,0,0
2019-07-12 11:37:04,0,0,0,0
2019-07-12 11:37:03,0,0,0,0
2019-07-12 11:37:02,0,0,0,0
2019-07-12 11:37:01,0,0,0,0
2019-07-12 11:37:00,0,0,0,0
2019-07-12 11:36:59,0,0,0,0
2019-07-12 11:36:58,0,0,0,0
2019-07-12 11:36:57,1.1267776,-0.5633888,0,1.1267776
2019-07-12 11:36:56,0.8732224,-0.4366112,0,0.8732224
2019-07-12 11:36:55,0,0,0,0
2019-07-12 11:36:54,0,0,0,0
2019-07-12 11:36:53,0,0,0,0
2019-07-12 11:36:52,0,0,0,0
2019-07-12 11:36:51,0,0,0,0
2019-07-12 11:36:50,0,0,0,0
2019-07-12 11:36:49,0,0,0,0
2019-07-12 11:36:48,0,0,0,0
2019-07-12 11:36:47,1.1301896,-0.5650948,0,1.1301896
2019-07-12 11:36:46,0.8698104,-0.4349052,0,0.8698104
2019-07-12 11:36:45,0,0,0,0
2019-07-12 11:36:44,0,0,0,0
2019-07-12 11:36:43,0,0,0,0
2019-07-12 11:36:42,0,0,0,0
2019-07-12 11:36:41,0,0,0,0
2019-07-12 11:36:40,0,0,0,0
2019-07-12 11:36:39,0,0,0,0
2019-07-12 11:36:38,0,0,0,0
2019-07-12 11:36:37,1.1681707,-0.5840854,0,1.1681707
2019-07-12 11:36:36,0.8318293,-0.4159146,0,0.8318293
2019-07-12 11:36:35,0,0,0,0
2019-07-12 11:36:34,0,0,0,0
2019-07-12 11:36:33,0,0,0,0
2019-07-12 11:36:32,0,0,0,0
2019-07-12 11:36:31,0,0,0,0
2019-07-12 11:36:30,0,0,0,0
2019-07-12 11:36:29,0,0,0,0
2019-07-12 11:36:28,0,0,0,0
2019-07-12 11:36:27,1.1693201,-0.5846601,0,1.1693201
2019-07-12 11:36:26,0.8306799,-0.4153399,0,0.8306799
2019-07-12 11:36:25,0,0,0,0
2019-07-12 11:36:24,0,0,0,0
2019-07-12 11:36:23,0,0,0,0
2019-07-12 11:36:22,0,0,0,0
2019-07-12 11:36:21,0,0,0,0
2019-07-12 11:36:20,0,0,0,0
2019-07-12 11:36:19,0,0,0,0
2019-07-12 11:36:18,0,0,0,0
2019-07-12 11:36:17,1.1762444,-0.5881222,0,1.1762444
2019-07-12 11:36:16,0.8237556,-0.4118778,0,0.8237556
2019-07-12 11:36:15,0,0,0,0
2019-07-12 11:36:14,0,0,0,0
2019-07-12 11:36:13,0,0,0,0
2019-07-12 11:36:12,0,0,0,0
2019-07-12 11:36:11,0,0,0,0
2019-07-12 11:36:10,0,0,0,0
2019-07-12 11:36:09,0,0,0,0
2019-07-12 11:36:08,0,0,0,0
2019-07-12 11:36:07,0,0,0,0
2019-07-12 11:36:06,1.2113341,-0.605667,0,1.2113341
2019-07-12 11:36:05,0.7886659,-0.394333,0,0.7886659
2019-07-12 11:36:04,0,0,0,0
2019-07-12 11:36:03,0,0,0,0
2019-07-12 11:36:02,0,0,0,0
2019-07-12 11:36:01,0,0,0,0
2019-07-12 11:36:00,0,0,0,0
2019-07-12 11:35:59,0,0,0,0
2019-07-12 11:35:58,0,0,0,0
2019-07-12 11:35:57,0,0,0,0
2019-07-12 11:35:56,1.2125335,-0.6062667,0,1.2125335
2019-07-12 11:35:55,0.7874665,-0.3937333,0,0.7874665
2019-07-12 11:35:54,0,0,0,0
2019-07-12 11:35:53,0,0,0,0
2019-07-12 11:35:52,0,0,0,0
2019-07-12 11:35:51,0,0,0,0
2019-07-12 11:35:50,0,0,0,0
2019-07-12 11:35:49,0,0,0,0
2019-07-12 11:35:48,0,0,0,0
2019-07-12 11:35:47,0,0,0,0
2019-07-12 11:35:46,1.2161573,-0.6080786,0,1.2161573
2019-07-12 11:35:45,0.7838427,-0.3919214,0,0.7838427
2019-07-12 11:35:44,0,0,0,0
2019-07-12 11:35:43,0,0,0,0
2019-07-12 11:35:42,0,0,0,0
2019-07-12 11:35:41,0,0,0,0
2019-07-12 11:35:40,0,0,0,0
2019-07-12 11:35:39,0,0,0,0
2019-07-12 11:35:38,0,0,0,0
2019-07-12 11:35:37,0,0,0,0
2019-07-12 11:35:36,1.2512528,-0.6256264,0,1.2512528
2019-07-12 11:35:35,0.7487472,-0.3743736,0,0.7487472
2019-07-12 11:35:34,0,0,0,0
2019-07-12 11:35:33,0,0,0,0
2019-07-12 11:35:32,0,0,0,0
2019-07-12 11:35:31,0,0,0,0
2019-07-12 11:35:30,0,0,0,0
2019-07-12 11:35:29,0,0,0,0
2019-07-12 11:35:28,0,0,0,0
2019-07-12 11:35:27,0,0,0,0
2019-07-12 11:35:26,0,0,0,0
2019-07-12 11:35:25,0,0,0,0
2019-07-12 11:35:24,1.877425,-1.2516163,0,1.877425
2019-07-12 11:35:23,1.1225755,-0.7483837,0,1.1225755
2019-07-12 11:35:22,0,0,0,0
2019-07-12 11:35:21,0,0,0,0
2019-07-12 11:35:20,0,0,0,0
2019-07-12 11:35:19,0,0,0,0
2019-07-12 11:35:18,0,0,0,0
2019-07-12 11:35:17,0,0,0,0
2019-07-12 11:35:16,0,0,0,0
2019-07-12 11:35:15,0,0,0,0
2019-07-12 11:35:14,1.2859109,-0.6429555,0,1.2859109
2019-07-12 11:35:13,0.7140891,-0.3570445,0,0.7140891
2019-07-12 11:35:12,0,0,0,0
2019-07-12 11:35:11,0,0,0,0
2019-07-12 11:35:10,0,0,0,0
2019-07-12 11:35:09,0,0,0,0
2019-07-12 11:35:08,0,0,0,0
2019-07-12 11:35:07,0,0,0,0
2019-07-12 11:35:06,0,0,0,0
2019-07-12 11:35:05,0,0,0,0
2019-07-12 11:35:04,0,0,0,0
2019-07-12 11:35:03,0,0,0,0
2019-07-12 11:35:02,0,0,0,0
2019-07-12 11:35:01,0,0,0,0
2019-07-12 11:35:00,0,0,0,0
2019-07-12 11:34:59,0,0,0,0
2019-07-12 11:34:58,0,0,0,0
2019-07-12 11:34:57,1.2947078,-0.6473539,0,1.2947078
2019-07-12 11:34:56,0.7052922,-0.3526461,0,0.7052922
2019-07-12 11:34:55,0,0,0,0
2019-07-12 11:34:54,0,0,0,0
2019-07-12 11:34:53,0,0,0,0
2019-07-12 11:34:52,0,0,0,0
2019-07-12 11:34:51,0,0,0,0
2019-07-12 11:34:50,0,0,0,0
2019-07-12 11:34:49,0,0,0,0
2019-07-12 11:34:48,0,0,0,0
2019-07-12 11:34:47,1.2953176,-0.6476588,0,1.2953176
2019-07-12 11:34:46,0.7046824,-0.3523412,0,0.7046824
2019-07-12 11:34:45,0,0,0,0
2019-07-12 11:34:44,0,0,0,0
2019-07-12 11:34:43,0,0,0,0
2019-07-12 11:34:42,0,0,0,0
2019-07-12 11:34:41,0,0,0,0
2019-07-12 11:34:40,0,0,0,0
2019-07-12 11:34:39,0,0,0,0
2019-07-12 11:34:38,0,0,0,0
2019-07-12 11:34:37,1.3401259,-0.6700629,0,1.3401259
2019-07-12 11:34:36,0.6598741,-0.3299371,0,0.6598741
2019-07-12 11:34:35,0,0,0,0
2019-07-12 11:34:34,0,0,0,0
2019-07-12 11:34:33,0,0,0,0
2019-07-12 11:34:32,0,0,0,0
2019-07-12 11:34:31,0,0,0,0
2019-07-12 11:34:30,0,0,0,0
2019-07-12 11:34:29,0,0,0,0
2019-07-12 11:34:28,0,0,0,0
2019-07-12 11:34:27,0,0,0,0
2019-07-12 11:34:26,0,0,0,0
2019-07-12 11:34:25,0,0,0,0
2019-07-12 11:34:24,0,0,0,0
2019-07-12 11:34:23,0,0,0,0
2019-07-12 11:34:22,0,0,0,0
2019-07-12 11:34:21,0,0,0,0
2019-07-12 11:34:20,0,0,0,0
2019-07-12 11:34:19,0,0,0,0
2019-07-12 11:34:18,8.022736,-5.348491,0,8.022736
2019-07-12 11:34:17,5.320419,-3.323087,0,5.320419
2019-07-12 11:34:16,0.6568448,-0.3284224,0,0.6568448
2019-07-12 11:34:15,0,0,0,0
2019-07-12 11:34:14,0,0,0,0
2019-07-12 11:34:13,0,0,0,0
2019-07-12 11:34:12,0,0,0,0
2019-07-12 11:34:11,0,0,0,0
2019-07-12 11:34:10,0,0,0,0
2019-07-12 11:34:09,0,0,0,0
2019-07-12 11:34:08,0,0,0,0
2019-07-12 11:34:07,1.3805823,-0.6902912,0,1.3805823
2019-07-12 11:34:06,0.6194177,-0.3097088,0,0.6194177
2019-07-12 11:34:05,0,0,0,0
2019-07-12 11:34:04,0,0,0,0
2019-07-12 11:34:03,0,0,0,0
2019-07-12 11:34:02,0,0,0,0
2019-07-12 11:34:01,0,0,0,0
2019-07-12 11:34:00,0,0,0,0
2019-07-12 11:33:59,0,0,0,0
2019-07-12 11:33:58,0,0,0,0
2019-07-12 11:33:57,0,0,0,0
2019-07-12 11:33:56,0,0,0,0
2019-07-12 11:33:55,0,0,0,0
2019-07-12 11:33:54,1.3889314,-0.6944657,0,1.3889314
2019-07-12 11:33:53,0.6110686,-0.3055343,0,0.6110686
2019-07-12 11:33:52,0,0,0,0
2019-07-12 11:33:51,0,0,0,0
2019-07-12 11:33:50,0,0,0,0
2019-07-12 11:33:49,0,0,0,0
2019-07-12 11:33:48,2.086782,-1.3911878,0,2.086782
2019-07-12 11:33:47,7.207634,-4.805089,0,7.207634
2019-07-12 11:33:46,8.967804,-5.978536,0,8.967804
2019-07-12 11:33:45,2.73778,-1.825187,0,2.73778
2019-07-12 11:33:44,1.4149931,-0.7074965,0,1.4149931
2019-07-12 11:33:43,0.5850069,-0.2925035,0,0.5850069
2019-07-12 11:33:42,0,0,0,0
2019-07-12 11:33:41,0,0,0,0
2019-07-12 11:33:40,0,0,0,0
2019-07-12 11:33:39,0,0,0,0
2019-07-12 11:33:38,0,0,0,0
2019-07-12 11:33:37,0,0,0,0
2019-07-12 11:33:36,0,0,0,0
2019-07-12 11:33:35,6.399848,-4.266565,0,6.399848
2019-07-12 11:33:34,10.417102,-6.707857,0,10.417102
2019-07-12 11:33:33,10.322978,-7.023527,0,10.322978
2019-07-12 11:33:32,11.408337,-7.700894,0,11.408337
2019-07-12 11:33:31,20.48849,-13.658994,0,20.48849
2019-07-12 11:33:30,34.67267,-23.11511,0,34.67267
2019-07-12 11:33:29,24.16853,-16.11235,0,24.16853
2019-07-12 11:33:28,20.14729,-13.431525,0,20.14729
2019-07-12 11:33:27,23.12972,-15.419817,0,23.12972
2019-07-12 11:33:26,18.24016,-12.397505,0,18.24016
2019-07-12 11:33:25,17.41361,-11.70501,0,17.41361
2019-07-12 11:33:24,15.931065,-10.62071,0,15.931065
2019-07-12 11:33:23,4.260201,-2.840134,0,4.260201
2019-07-12 11:33:22,0,0,0,0
2019-07-12 11:33:21,0,0,0,0
2019-07-12 11:33:20,8.569441,-5.712961,0,8.569441
2019-07-12 11:33:19,16.305692,-10.870461,0,16.305692
2019-07-12 11:33:18,17.94297,-11.961981,0,17.94297
2019-07-12 11:33:17,15.827666,-10.551777,0,15.827666
2019-07-12 11:33:16,6.483869,-4.322579,0,6.483869
2019-07-12 11:33:15,5.165008,-3.443339,0,5.165008
2019-07-12 11:33:14,7.540169,-4.783662,0,7.540169
2019-07-12 11:33:13,13.146786,-8.674308,0,13.146786
2019-07-12 11:33:12,12.803488,-8.535659,0,12.803488
2019-07-12 11:33:11,12.021901,-8.014601,0,12.021901
2019-07-12 11:33:10,14.164325,-9.442883,0,14.164325
2019-07-12 11:33:09,6.220643,-4.147095,0,6.220643
2019-07-12 11:33:08,0.8080386,-0.5386924,0,0.8080386
2019-07-12 11:33:07,0,0,0,0
2019-07-12 11:33:06,0,0,0,0
2019-07-12 11:33:05,0,0,0,0
2019-07-12 11:33:04,1.4629528,-0.7314764,0,1.4629528
2019-07-12 11:33:03,0.5370472,-0.2685236,0,0.5370472
2019-07-12 11:33:02,0,0,0,0
2019-07-12 11:33:01,0,0,0,0
2019-07-12 11:33:00,0,0,0,0
2019-07-12 11:32:59,0,0,0,0
2019-07-12 11:32:58,4.393725,-2.92915,0,4.393725
2019-07-12 11:32:57,1.606275,-1.07085,0,1.606275
2019-07-12 11:32:56,3.6862,-2.21172,0,3.6862
2019-07-12 11:32:55,4.981476,-2.988886,0,4.981476
2019-07-12 11:32:54,10.857517,-6.661052,0,10.857517
2019-07-12 11:32:53,16.75595,-9.516755,0,16.75595
2019-07-12 11:32:52,18.64579,-11.417546,0,18.64579
2019-07-12 11:32:51,27.72827,-16.358675,0,27.72827
2019-07-12 11:32:50,14.970633,-8.526386,0,14.970633
2019-07-12 11:32:49,13.376192,-7.920197,0,13.376192
2019-07-12 11:32:48,22.99609,-14.089931,0,22.99609
2019-07-12 11:32:47,22.45105,-13.872621,0,22.45105
2019-07-12 11:32:46,12.892919,-7.841481,0,12.892919
2019-07-12 11:32:45,12.191378,-7.461496,0,12.191378
2019-07-12 11:32:44,16.164615,-9.602711,0,16.164615
2019-07-12 11:32:43,12.635542,-7.833755,0,12.635542
2019-07-12 11:32:42,11.724454,-7.735503,0,11.724454
2019-07-12 11:32:41,11.266905,-7.258998,0,11.266905
2019-07-12 11:32:40,20.74981,-12.999032,0,20.74981
2019-07-12 11:32:39,16.45078,-9.717868,0,16.45078
2019-07-12 11:32:38,16.289594,-10.277554,0,16.289594
2019-07-12 11:32:37,8.727705,-5.736414,0,8.727705
2019-07-12 11:32:36,7.488041,-4.740739,0,7.488041
2019-07-12 11:32:35,6.488707,-3.49049,0,6.488707
2019-07-12 11:32:34,7.502854,-3.751427,0,7.502854
2019-07-12 11:32:33,15.537566,-7.768783,0,15.537566
2019-07-12 11:32:32,15.055147,-8.285801,0,15.055147
2019-07-12 11:32:31,13.190761,-7.968608,0,13.190761
2019-07-12 11:32:30,16.761782,-9.503199,0,16.761782
2019-07-12 11:32:29,13.463556,-6.978015,0,13.463556
2019-07-12 11:32:28,25.66355,-12.831773,0,25.66355
2019-07-12 11:32:27,26.9247,-14.216949,0,26.9247
2019-07-12 11:32:26,26.69865,-15.47604,0,26.69865
2019-07-12 11:32:25,27.74267,-17.49871,0,27.74267
2019-07-12 11:32:24,22.09817,-15.0722,0,22.09817
2019-07-12 11:32:23,22.17422,-13.939354,0,22.17422
2019-07-12 11:32:22,26.71012,-18.4803,0,26.71012
2019-07-12 11:32:21,6.956638,-4.969027,0,6.956638
2019-07-12 11:32:20,0,0,0,0
2019-07-12 11:32:19,0,0,0,0
2019-07-12 11:32:18,0,0,0,0
2019-07-12 11:32:17,0,0,0,0
2019-07-12 11:32:16,0,0,0,0
2019-07-12 11:32:15,0,0,0,0
2019-07-12 11:32:14,0,0,0,0
2019-07-12 11:32:13,1.5462466,-0.7731233,0,1.5462466
2019-07-12 11:32:12,0.4537534,-0.2268767,0,0.4537534
2019-07-12 11:32:11,0,0,0,0
2019-07-12 11:32:10,0,0,0,0
2019-07-12 11:32:09,0,0,0,0
2019-07-12 11:32:08,6.991894,-4.661262,0,6.991894
2019-07-12 11:32:07,8.990231,-5.993487,0,8.990231
2019-07-12 11:32:06,12.835755,-8.299601,0,12.835755
2019-07-12 11:32:05,9.364557,-5.909672,0,9.364557
2019-07-12 11:32:04,8.780904,-5.778204,0,8.780904
2019-07-12 11:32:03,19.79701,-13.712798,0,19.79701
2019-07-12 11:32:02,5.239651,-3.644974,0,5.239651
2019-07-12 11:32:01,0,0,0,0
2019-07-12 11:32:00,0,0,0,0
2019-07-12 11:31:59,0,0,0,0
2019-07-12 11:31:58,0,0,0,0
2019-07-12 11:31:57,0,0,0,0
2019-07-12 11:31:56,0,0,0,0
2019-07-12 11:31:55,0,0,0,0
2019-07-12 11:31:54,0,0,0,0
2019-07-12 11:31:53,1.5460883,-0.7730441,0,1.5460883
2019-07-12 11:31:52,0.4539117,-0.2269559,0,0.4539117
2019-07-12 11:31:51,0,0,0,0
2019-07-12 11:31:50,0,0,0,0
2019-07-12 11:31:49,0,0,0,0
2019-07-12 11:31:48,0,0,0,0
2019-07-12 11:31:47,4.639437,-3.092958,0,4.639437
2019-07-12 11:31:46,1.3605626,-0.9070418,0,1.3605626
2019-07-12 11:31:45,6.968815,-4.645877,0,6.968815
2019-07-12 11:31:44,2.031185,-1.3541232,0,2.031185
2019-07-12 11:31:43,8.025749,-4.815449,0,8.025749
2019-07-12 11:31:42,10.737159,-6.760947,0,10.737159
2019-07-12 11:31:41,11.765593,-7.775938,0,11.765593
2019-07-12 11:31:40,24.03985,-16.026569,0,24.03985
2019-07-12 11:31:39,17.47742,-11.651612,0,17.47742
2019-07-12 11:31:38,10.167477,-6.778318,0,10.167477
2019-07-12 11:31:37,10.53106,-6.755727,0,10.53106
2019-07-12 11:31:36,8.603315,-5.402705,0,8.603315
2019-07-12 11:31:35,9.602605,-5.802872,0,9.602605
2019-07-12 11:31:34,18.72453,-12.346367,0,18.72453
2019-07-12 11:31:33,18.6049,-12.403267,0,18.6049
2019-07-12 11:31:32,12.500499,-8.067601,0,12.500499
2019-07-12 11:31:31,8.590992,-5.394596,0,8.590992
2019-07-12 11:31:30,1.6288523,-1.0180327,0,1.6288523
2019-07-12 11:31:29,0,0,0,0
2019-07-12 11:31:28,0,0,0,0
2019-07-12 11:31:27,0,0,0,0
2019-07-12 11:31:26,0,0,0,0
2019-07-12 11:31:25,0,0,0,0
2019-07-12 11:31:24,0,0,0,0
2019-07-12 11:31:23,1.5924883,-0.7962441,0,1.5924883
2019-07-12 11:31:22,7.552495,-4.967078,0,7.552495
2019-07-12 11:31:21,14.559753,-9.177138,0,14.559753
2019-07-12 11:31:20,8.094023,-5.258713,0,8.094023
2019-07-12 11:31:19,8.3618,-5.574534,0,8.3618
2019-07-12 11:31:18,8.98004,-5.986694,0,8.98004
2019-07-12 11:31:17,9.010143,-6.006762,0,9.010143
2019-07-12 11:31:16,9.791898,-6.792687,0,9.791898
2019-07-12 11:31:15,9.202085,-6.203302,0,9.202085
2019-07-12 11:31:14,9.217063,-6.144709,0,9.217063
2019-07-12 11:31:13,10.625247,-6.811163,0,10.625247
2019-07-12 11:31:12,9.341099,-6.166401,0,9.341099
2019-07-12 11:31:11,9.816101,-6.815542,0,9.816101
2019-07-12 11:31:10,9.222403,-6.210128,0,9.222403
2019-07-12 11:31:09,8.967224,-5.978149,0,8.967224
2019-07-12 11:31:08,6.55572,-4.37048,0,6.55572
2019-07-12 11:31:07,8.477938,-5.651959,0,8.477938
2019-07-12 11:31:06,25.34688,-14.989863,0,25.34688
2019-07-12 11:31:05,22.40351,-12.064982,0,22.40351
2019-07-12 11:31:04,21.07593,-11.039773,0,21.07593
2019-07-12 11:31:03,22.57518,-11.786236,0,22.57518
2019-07-12 11:31:02,21.43135,-11.217184,0,21.43135
2019-07-12 11:31:01,22.56657,-11.781729,0,22.56657
2019-07-12 11:31:00,21.38603,-11.193442,0,21.38603
2019-07-12 11:30:59,21.07686,-11.040257,0,21.07686
2019-07-12 11:30:58,24.97332,-13.391929,0,24.97332
2019-07-12 11:30:57,14.583296,-9.107215,0,14.583296
2019-07-12 11:30:56,40.47408,-21.82705,0,40.47408
2019-07-12 11:30:55,11.20667,-4.648658,0,11.20667
2019-07-12 11:30:54,15.223639,-8.97773,0,15.223639
2019-07-12 11:30:53,4.941877,-2.838624,0,4.941877
2019-07-12 11:30:52,0.3672924,-0.1836462,0,0.3672924
2019-07-12 11:30:51,0,0,0,0
2019-07-12 11:30:50,0,0,0,0
2019-07-12 11:30:49,0,0,0,0
2019-07-12 11:30:48,0,0,0,0
2019-07-12 11:30:47,0,0,0,0
2019-07-12 11:30:46,0,0,0,0
2019-07-12 11:30:45,0,0,0,0
2019-07-12 11:30:44,0,0,0,0
2019-07-12 11:30:43,1.6754527,-0.8377263,0,1.6754527
2019-07-12 11:30:42,0.3245473,-0.1622737,0,0.3245473
2019-07-12 11:30:41,0,0,0,0
2019-07-12 11:30:40,16.74168,-8.37084,0,16.74168
2019-07-12 11:30:39,25.96317,-17.60665,0,25.96317
2019-07-12 11:30:38,4.295147,-3.022511,0,4.295147
2019-07-12 11:30:37,0,0,0,0
2019-07-12 11:30:36,0,0,0,0
2019-07-12 11:30:35,0,0,0,0
2019-07-12 11:30:34,0,0,0,0
2019-07-12 11:30:33,1.683772,-0.8418862,0,1.683772
2019-07-12 11:30:32,0.3162276,-0.1581138,0,0.3162276
2019-07-12 11:30:31,0,0,0,0
2019-07-12 11:30:30,0,0,0,0
2019-07-12 11:30:29,0,0,0,0
2019-07-12 11:30:28,0,0,0,0
2019-07-12 11:30:27,0,0,0,0
2019-07-12 11:30:26,0,0,0,0
2019-07-12 11:30:25,0,0,0,0
2019-07-12 11:30:24,0,0,0,0
2019-07-12 11:30:23,1.6737387,-0.8368694,0,1.6737387
2019-07-12 11:30:22,0.3262613,-0.1631306,0,0.3262613
2019-07-12 11:30:21,0,0,0,0
2019-07-12 11:30:20,0,0,0,0
2019-07-12 11:30:19,0,0,0,0
2019-07-12 11:30:18,0,0,0,0
2019-07-12 11:30:17,0,0,0,0
2019-07-12 11:30:16,0,0,0,0
2019-07-12 11:30:15,0,0,0,0
2019-07-12 11:30:14,0,0,0,0
2019-07-12 11:30:13,1.714667,-0.8573336,0,1.714667
2019-07-12 11:30:12,0.2853327,-0.1426664,0,0.2853327
2019-07-12 11:30:11,0,0,0,0
2019-07-12 11:30:10,0,0,0,0
2019-07-12 11:30:09,0,0,0,0
2019-07-12 11:30:08,0,0,0,0
2019-07-12 11:30:07,0,0,0,0
2019-07-12 11:30:06,0,0,0,0
2019-07-12 11:30:05,0,0,0,0
2019-07-12 11:30:04,0,0,0,0
2019-07-12 11:30:03,0,0,0,0
2019-07-12 11:30:02,1.721102,-0.8605512,0,1.721102
2019-07-12 11:30:01,0.2788976,-0.1394488,0,0.2788976
2019-07-12 11:30:00,0,0,0,0
2019-07-12 11:29:59,0,0,0,0
2019-07-12 11:29:58,0,0,0,0
2019-07-12 11:29:57,0,0,0,0
2019-07-12 11:29:56,0,0,0,0
2019-07-12 11:29:55,0,0,0,0
2019-07-12 11:29:54,0,0,0,0
2019-07-12 11:29:53,0,0,0,0
2019-07-12 11:29:52,0,0,0,0
2019-07-12 11:29:51,0,0,0,0
2019-07-12 11:29:50,0,0,0,0
2019-07-12 11:29:49,0,0,0,0
2019-07-12 11:29:48,0,0,0,0
2019-07-12 11:29:47,0,0,0,0
2019-07-12 11:29:46,1.713959,-0.8569795,0,1.713959
2019-07-12 11:29:45,13.209561,-8.7587,0,13.209561
2019-07-12 11:29:44,2.07648,-1.3843201,0,2.07648
2019-07-12 11:29:43,0,0,0,0
2019-07-12 11:29:42,0,0,0,0
2019-07-12 11:29:41,0,0,0,0
2019-07-12 11:29:40,0,0,0,0
2019-07-12 11:29:39,0,0,0,0
2019-07-12 11:29:38,0,0,0,0
2019-07-12 11:29:37,0,0,0,0
2019-07-12 11:29:36,1.759715,-0.8798575,0,1.759715
2019-07-12 11:29:35,0.240285,-0.1201425,0,0.240285
2019-07-12 11:29:34,0,0,0,0
2019-07-12 11:29:33,0,0,0,0
2019-07-12 11:29:32,0,0,0,0
2019-07-12 11:29:31,0,0,0,0
2019-07-12 11:29:30,0,0,0,0
2019-07-12 11:29:29,0,0,0,0
2019-07-12 11:29:28,0,0,0,0
2019-07-12 11:29:27,0,0,0,0
2019-07-12 11:29:26,1.763531,-0.8817655,0,1.763531
2019-07-12 11:29:25,0.2364689,-0.1182345,0,0.2364689
2019-07-12 11:29:24,0,0,0,0
2019-07-12 11:29:23,0,0,0,0
2019-07-12 11:29:22,0,0,0,0
2019-07-12 11:29:21,0,0,0,0
2019-07-12 11:29:20,0,0,0,0
2019-07-12 11:29:19,0,0,0,0
2019-07-12 11:29:18,0,0,0,0
2019-07-12 11:29:17,0,0,0,0
2019-07-12 11:29:16,1.755578,-0.8777891,0,1.755578
2019-07-12 11:29:15,0.2444218,-0.1222109,0,0.2444218
2019-07-12 11:29:14,0,0,0,0
2019-07-12 11:29:13,0,0,0,0
2019-07-12 11:29:12,0,0,0,0
2019-07-12 11:29:11,0,0,0,0
2019-07-12 11:29:10,0,0,0,0
2019-07-12 11:29:09,0,0,0,0
2019-07-12 11:29:08,0,0,0,0
2019-07-12 11:29:07,0,0,0,0
2019-07-12 11:29:06,1.800222,-0.9001111,0,1.800222
2019-07-12 11:29:05,0.1997778,-0.0998889,0,0.1997778
2019-07-12 11:29:04,0,0,0,0
2019-07-12 11:29:03,0,0,0,0
2019-07-12 11:29:02,0,0,0,0
2019-07-12 11:29:01,0,0,0,0
2019-07-12 11:29:00,0,0,0,0
2019-07-12 11:28:59,0,0,0,0
2019-07-12 11:28:58,0,0,0,0
2019-07-12 11:28:57,0,0,0,0
2019-07-12 11:28:56,1.811243,-0.9056213,0,1.811243
2019-07-12 11:28:55,0.1887573,-0.0943787,0,0.1887573
2019-07-12 11:28:54,0,0,0,0
2019-07-12 11:28:53,0,0,0,0
2019-07-12 11:28:52,0,0,0,0
2019-07-12 11:28:51,0,0,0,0
2019-07-12 11:28:50,0,0,0,0
2019-07-12 11:28:49,0,0,0,0
2019-07-12 11:28:48,17.08417,-8.991669,0,17.08417
2019-07-12 11:28:47,18.12183,-10.011665,0,18.12183
2019-07-12 11:28:46,24.42057,-14.572609,0,24.42057
2019-07-12 11:28:45,32.25863,-31.30926,0,32.25863
2019-07-12 11:28:44,117.15673,-106.95786,0,117.15673
2019-07-12 11:28:43,139.6752,-138.87407,0,139.6752
2019-07-12 11:28:42,63.75823,-61.8147,0,63.75823
2019-07-12 11:28:41,28.52464,-27.46817,0,28.52464
