time,avail
2019-07-12 11:48:25,1537.3359
2019-07-12 11:48:24,1537.3359
2019-07-12 11:48:23,1537.3398
2019-07-12 11:48:22,1537.3398
2019-07-12 11:48:21,1537.3398
2019-07-12 11:48:20,1537.3398
2019-07-12 11:48:19,1537.3398
2019-07-12 11:48:18,1537.3398
2019-07-12 11:48:17,1537.3398
2019-07-12 11:48:16,1537.2188
2019-07-12 11:48:15,1537.2188
2019-07-12 11:48:14,1537.2188
2019-07-12 11:48:13,1537.2188
2019-07-12 11:48:12,1537.2188
2019-07-12 11:48:11,1537.1953
2019-07-12 11:48:10,1537.1953
2019-07-12 11:48:09,1537.0742
2019-07-12 11:48:08,1537.0742
2019-07-12 11:48:07,1537.0742
2019-07-12 11:48:06,1537.0703
2019-07-12 11:48:05,1537.0703
2019-07-12 11:48:04,1537.0703
2019-07-12 11:48:03,1537.1914
2019-07-12 11:48:02,1537.1914
2019-07-12 11:48:01,1537.1914
2019-07-12 11:48:00,1537.1914
2019-07-12 11:47:59,1537.1914
2019-07-12 11:47:58,1537.1914
2019-07-12 11:47:57,1537.1914
2019-07-12 11:47:56,1537.1914
2019-07-12 11:47:55,1537.1914
2019-07-12 11:47:54,1537.1914
2019-07-12 11:47:53,1537.1914
2019-07-12 11:47:52,1537.1914
2019-07-12 11:47:51,1537.1914
2019-07-12 11:47:50,1537.1914
2019-07-12 11:47:49,1537.1914
2019-07-12 11:47:48,1537.1914
2019-07-12 11:47:47,1537.1914
2019-07-12 11:47:46,1537.1914
2019-07-12 11:47:45,1537.1914
2019-07-12 11:47:44,1537.1914
2019-07-12 11:47:43,1537.1914
2019-07-12 11:47:42,1537.1836
2019-07-12 11:47:41,1537.1836
2019-07-12 11:47:40,1537.1836
2019-07-12 11:47:39,1537.1836
2019-07-12 11:47:38,1537.1875
2019-07-12 11:47:37,1537.1758
2019-07-12 11:47:36,1537.1758
2019-07-12 11:47:35,1537.1641
2019-07-12 11:47:34,1537.1641
2019-07-12 11:47:33,1537.1641
2019-07-12 11:47:32,1537.1641
2019-07-12 11:47:31,1537.1641
2019-07-12 11:47:30,1537.1641
2019-07-12 11:47:29,1537.1641
2019-07-12 11:47:28,1537.1641
2019-07-12 11:47:27,1537.1211
2019-07-12 11:47:26,1537.0391
2019-07-12 11:47:25,1537.0391
2019-07-12 11:47:24,1537.0391
2019-07-12 11:47:23,1537.0391
2019-07-12 11:47:22,1537.0391
2019-07-12 11:47:21,1537.0312
2019-07-12 11:47:20,1537.5
2019-07-12 11:47:19,1537.8555
2019-07-12 11:47:18,1537.8555
2019-07-12 11:47:17,1537.8555
2019-07-12 11:47:16,1537.8555
2019-07-12 11:47:15,1537.8555
2019-07-12 11:47:14,1537.8555
2019-07-12 11:47:13,1537.8516
2019-07-12 11:47:12,1537.8516
2019-07-12 11:47:11,1537.8438
2019-07-12 11:47:10,1537.8438
2019-07-12 11:47:09,1537.8359
2019-07-12 11:47:08,1537.8359
2019-07-12 11:47:07,1537.8359
2019-07-12 11:47:06,1537.8398
2019-07-12 11:47:05,1537.8398
2019-07-12 11:47:04,1537.8008
2019-07-12 11:47:03,1537.7188
2019-07-12 11:47:02,1537.7188
2019-07-12 11:47:01,1537.7188
2019-07-12 11:47:00,1537.7188
2019-07-12 11:46:59,1537.7188
2019-07-12 11:46:58,1537.7188
2019-07-12 11:46:57,1537.8359
2019-07-12 11:46:56,1537.7148
2019-07-12 11:46:55,1537.7148
2019-07-12 11:46:54,1537.7148
2019-07-12 11:46:53,1537.6992
2019-07-12 11:46:52,1537.6602
2019-07-12 11:46:51,1537.8125
2019-07-12 11:46:50,1537.8125
2019-07-12 11:46:49,1537.7188
2019-07-12 11:46:48,1537.5547
2019-07-12 11:46:47,1537.5547
2019-07-12 11:46:46,1537.5547
2019-07-12 11:46:45,1537.5508
2019-07-12 11:46:44,1537.5508
2019-07-12 11:46:43,1537.5508
2019-07-12 11:46:42,1537.5508
2019-07-12 11:46:41,1537.5508
2019-07-12 11:46:40,1537.4922
2019-07-12 11:46:39,1537.5312
2019-07-12 11:46:38,1537.5312
2019-07-12 11:46:37,1537.5312
2019-07-12 11:46:36,1537.6523
2019-07-12 11:46:35,1537.6523
2019-07-12 11:46:34,1537.6523
2019-07-12 11:46:33,1537.6523
2019-07-12 11:46:32,1537.6523
2019-07-12 11:46:31,1537.5312
2019-07-12 11:46:30,1537.5312
2019-07-12 11:46:29,1537.5312
2019-07-12 11:46:28,1537.5312
2019-07-12 11:46:27,1537.5352
2019-07-12 11:46:26,1537.5352
2019-07-12 11:46:25,1537.4141
2019-07-12 11:46:24,1537.5273
2019-07-12 11:46:23,1537.5273
2019-07-12 11:46:22,1537.5273
2019-07-12 11:46:21,1537.5273
2019-07-12 11:46:20,1537.5273
2019-07-12 11:46:19,1537.5273
2019-07-12 11:46:18,1537.5273
2019-07-12 11:46:17,1537.5273
2019-07-12 11:46:16,1537.5273
2019-07-12 11:46:15,1537.4883
2019-07-12 11:46:14,1537.4062
2019-07-12 11:46:13,1537.4062
2019-07-12 11:46:12,1537.4062
2019-07-12 11:46:11,1537.5156
2019-07-12 11:46:10,1537.5156
2019-07-12 11:46:09,1537.5156
2019-07-12 11:46:08,1537.5156
2019-07-12 11:46:07,1537.5156
2019-07-12 11:46:06,1537.5156
2019-07-12 11:46:05,1537.5156
2019-07-12 11:46:04,1537.5156
2019-07-12 11:46:03,1537.6523
2019-07-12 11:46:02,1537.7305
2019-07-12 11:46:01,1537.7305
2019-07-12 11:46:00,1537.7305
2019-07-12 11:45:59,1537.7305
2019-07-12 11:45:58,1537.6094
2019-07-12 11:45:57,1537.6094
2019-07-12 11:45:56,1537.7305
2019-07-12 11:45:55,1537.7305
2019-07-12 11:45:54,1537.7305
2019-07-12 11:45:53,1537.7305
2019-07-12 11:45:52,1537.7305
2019-07-12 11:45:51,1537.7305
2019-07-12 11:45:50,1537.7344
2019-07-12 11:45:49,1537.7344
2019-07-12 11:45:48,1537.7344
2019-07-12 11:45:47,1537.7344
2019-07-12 11:45:46,1537.7344
2019-07-12 11:45:45,1537.7344
2019-07-12 11:45:44,1537.7344
2019-07-12 11:45:43,1537.7344
2019-07-12 11:45:42,1537.7031
2019-07-12 11:45:41,1537.6953
2019-07-12 11:45:40,1537.6953
2019-07-12 11:45:39,1537.6406
2019-07-12 11:45:38,1537.5586
2019-07-12 11:45:37,1537.6797
2019-07-12 11:45:36,1537.6797
2019-07-12 11:45:35,1537.6797
2019-07-12 11:45:34,1537.6797
2019-07-12 11:45:33,1537.6797
2019-07-12 11:45:32,1537.6797
2019-07-12 11:45:31,1537.6758
2019-07-12 11:45:30,1537.7969
2019-07-12 11:45:29,1537.7969
2019-07-12 11:45:28,1537.7969
2019-07-12 11:45:27,1537.7969
2019-07-12 11:45:26,1537.7969
2019-07-12 11:45:25,1537.7969
2019-07-12 11:45:24,1537.6758
2019-07-12 11:45:23,1537.6758
2019-07-12 11:45:22,1537.6758
2019-07-12 11:45:21,1537.6758
2019-07-12 11:45:20,1537.6758
2019-07-12 11:45:19,1537.6758
2019-07-12 11:45:18,1537.6758
2019-07-12 11:45:17,1537.6758
2019-07-12 11:45:16,1537.6758
2019-07-12 11:45:15,1537.6758
2019-07-12 11:45:14,1537.6758
2019-07-12 11:45:13,1537.6758
2019-07-12 11:45:12,1537.6289
2019-07-12 11:45:11,1537.668
2019-07-12 11:45:10,1537.668
2019-07-12 11:45:09,1537.668
2019-07-12 11:45:08,1537.6406
2019-07-12 11:45:07,1537.6406
2019-07-12 11:45:06,1537.6406
2019-07-12 11:45:05,1537.6406
2019-07-12 11:45:04,1537.6406
2019-07-12 11:45:03,1537.6406
2019-07-12 11:45:02,1537.7656
2019-07-12 11:45:01,1537.7656
2019-07-12 11:45:00,1537.7656
2019-07-12 11:44:59,1537.7656
2019-07-12 11:44:58,1537.7656
2019-07-12 11:44:57,1537.7656
2019-07-12 11:44:56,1537.7656
2019-07-12 11:44:55,1537.7656
2019-07-12 11:44:54,1537.7656
2019-07-12 11:44:53,1537.7656
2019-07-12 11:44:52,1537.7656
2019-07-12 11:44:51,1537.7656
2019-07-12 11:44:50,1537.7656
2019-07-12 11:44:49,1537.7656
2019-07-12 11:44:48,1537.7656
2019-07-12 11:44:47,1537.7656
2019-07-12 11:44:46,1537.7656
2019-07-12 11:44:45,1537.6445
2019-07-12 11:44:44,1537.7656
2019-07-12 11:44:43,1537.7578
2019-07-12 11:44:42,1537.7578
2019-07-12 11:44:41,1537.7578
2019-07-12 11:44:40,1537.7539
2019-07-12 11:44:39,1537.7539
2019-07-12 11:44:38,1537.7539
2019-07-12 11:44:37,1537.7383
2019-07-12 11:44:36,1537.7383
2019-07-12 11:44:35,1537.7383
2019-07-12 11:44:34,1537.6211
2019-07-12 11:44:33,1537.6211
2019-07-12 11:44:32,1537.6211
2019-07-12 11:44:31,1537.6211
2019-07-12 11:44:30,1537.6211
2019-07-12 11:44:29,1537.6211
2019-07-12 11:44:28,1537.6211
2019-07-12 11:44:27,1537.6211
2019-07-12 11:44:26,1537.625
2019-07-12 11:44:25,1537.625
2019-07-12 11:44:24,1537.7461
2019-07-12 11:44:23,1537.7461
2019-07-12 11:44:22,1537.7461
2019-07-12 11:44:21,1537.7461
2019-07-12 11:44:20,1537.7461
2019-07-12 11:44:19,1537.7461
2019-07-12 11:44:18,1537.7461
2019-07-12 11:44:17,1537.7461
2019-07-12 11:44:16,1537.7461
2019-07-12 11:44:15,1537.7461
2019-07-12 11:44:14,1537.7461
2019-07-12 11:44:13,1537.7461
2019-07-12 11:44:12,1537.7383
2019-07-12 11:44:11,1537.7383
2019-07-12 11:44:10,1537.7383
2019-07-12 11:44:09,1537.7383
2019-07-12 11:44:08,1537.7383
2019-07-12 11:44:07,1537.7227
2019-07-12 11:44:06,1537.8438
2019-07-12 11:44:05,1537.8398
2019-07-12 11:44:04,1537.8398
2019-07-12 11:44:03,1537.8398
2019-07-12 11:44:02,1537.8398
2019-07-12 11:44:01,1537.8398
2019-07-12 11:44:00,1537.8398
2019-07-12 11:43:59,1537.8398
2019-07-12 11:43:58,1537.8398
2019-07-12 11:43:57,1537.8359
2019-07-12 11:43:56,1537.8359
2019-07-12 11:43:55,1537.8359
2019-07-12 11:43:54,1537.8398
2019-07-12 11:43:53,1537.8398
2019-07-12 11:43:52,1537.8398
2019-07-12 11:43:51,1537.8398
2019-07-12 11:43:50,1537.8398
2019-07-12 11:43:49,1537.8398
2019-07-12 11:43:48,1537.8438
2019-07-12 11:43:47,1537.8438
2019-07-12 11:43:46,1537.8438
2019-07-12 11:43:45,1537.8438
2019-07-12 11:43:44,1537.8438
2019-07-12 11:43:43,1537.8438
2019-07-12 11:43:42,1537.8438
2019-07-12 11:43:41,1537.8438
2019-07-12 11:43:40,1537.8359
2019-07-12 11:43:39,1537.8359
2019-07-12 11:43:38,1537.8359
2019-07-12 11:43:37,1537.8242
2019-07-12 11:43:36,1537.9453
2019-07-12 11:43:35,1537.9453
2019-07-12 11:43:34,1538.3086
2019-07-12 11:43:33,1538.8906
2019-07-12 11:43:32,1539.1328
2019-07-12 11:43:31,1539.2539
2019-07-12 11:43:30,1539.7344
2019-07-12 11:43:29,1540.0703
2019-07-12 11:43:28,1540.5547
2019-07-12 11:43:27,1541.0391
2019-07-12 11:43:26,1541.1602
2019-07-12 11:43:25,1541.2812
2019-07-12 11:43:24,1541.3906
2019-07-12 11:43:23,1541.5117
2019-07-12 11:43:22,1541.5117
2019-07-12 11:43:21,1541.5117
2019-07-12 11:43:20,1541.5117
2019-07-12 11:43:19,1541.5117
2019-07-12 11:43:18,1541.5117
2019-07-12 11:43:17,1541.5117
2019-07-12 11:43:16,1541.5117
2019-07-12 11:43:15,1541.5117
2019-07-12 11:43:14,1541.5117
2019-07-12 11:43:13,1541.5117
2019-07-12 11:43:12,1541.5117
2019-07-12 11:43:11,1541.5039
2019-07-12 11:43:10,1541.5039
2019-07-12 11:43:09,1541.5039
2019-07-12 11:43:08,1541.4883
2019-07-12 11:43:07,1541.4883
2019-07-12 11:43:06,1541.4883
2019-07-12 11:43:05,1541.4883
2019-07-12 11:43:04,1541.4844
2019-07-12 11:43:03,1541.4844
2019-07-12 11:43:02,1541.4844
2019-07-12 11:43:01,1541.4883
2019-07-12 11:43:00,1541.4883
2019-07-12 11:42:59,1541.4883
2019-07-12 11:42:58,1541.4883
2019-07-12 11:42:57,1541.4883
2019-07-12 11:42:56,1541.4883
2019-07-12 11:42:55,1541.4883
2019-07-12 11:42:54,1541.4883
2019-07-12 11:42:53,1541.4883
2019-07-12 11:42:52,1541.4883
2019-07-12 11:42:51,1541.4883
2019-07-12 11:42:50,1541.4883
2019-07-12 11:42:49,1541.4883
2019-07-12 11:42:48,1541.4883
2019-07-12 11:42:47,1541.4844
2019-07-12 11:42:46,1541.4844
2019-07-12 11:42:45,1541.4453
2019-07-12 11:42:44,1541.4844
2019-07-12 11:42:43,1541.4531
2019-07-12 11:42:42,1538.9102
2019-07-12 11:42:41,1538.9102
2019-07-12 11:42:40,1538.9102
2019-07-12 11:42:39,1538.9102
2019-07-12 11:42:38,1538.9102
2019-07-12 11:42:37,1538.8945
2019-07-12 11:42:36,1538.8945
2019-07-12 11:42:35,1538.8945
2019-07-12 11:42:34,1538.8945
2019-07-12 11:42:33,1538.8945
2019-07-12 11:42:32,1538.8945
2019-07-12 11:42:31,1538.8945
2019-07-12 11:42:30,1538.8945
2019-07-12 11:42:29,1538.8945
2019-07-12 11:42:28,1538.8945
2019-07-12 11:42:27,1538.8945
2019-07-12 11:42:26,1538.8945
2019-07-12 11:42:25,1538.8945
2019-07-12 11:42:24,1538.8945
2019-07-12 11:42:23,1538.8945
2019-07-12 11:42:22,1538.8945
2019-07-12 11:42:21,1538.8945
2019-07-12 11:42:20,1538.8945
2019-07-12 11:42:19,1538.8984
2019-07-12 11:42:18,1538.8984
2019-07-12 11:42:17,1538.8984
2019-07-12 11:42:16,1538.8984
2019-07-12 11:42:15,1538.8984
2019-07-12 11:42:14,1538.8984
2019-07-12 11:42:13,1538.7773
2019-07-12 11:42:12,1538.7773
2019-07-12 11:42:11,1538.7773
2019-07-12 11:42:10,1538.7773
2019-07-12 11:42:09,1538.7773
2019-07-12 11:42:08,1538.7773
2019-07-12 11:42:07,1538.75
2019-07-12 11:42:06,1538.75
2019-07-12 11:42:05,1538.75
2019-07-12 11:42:04,1538.75
2019-07-12 11:42:03,1538.7461
2019-07-12 11:42:02,1538.7461
2019-07-12 11:42:01,1538.75
2019-07-12 11:42:00,1538.75
2019-07-12 11:41:59,1538.75
2019-07-12 11:41:58,1538.75
2019-07-12 11:41:57,1538.75
2019-07-12 11:41:56,1538.75
2019-07-12 11:41:55,1538.75
2019-07-12 11:41:54,1538.75
2019-07-12 11:41:53,1538.75
2019-07-12 11:41:52,1538.75
2019-07-12 11:41:51,1538.75
2019-07-12 11:41:50,1538.75
2019-07-12 11:41:49,1538.75
2019-07-12 11:41:48,1538.75
2019-07-12 11:41:47,1538.75
2019-07-12 11:41:46,1538.75
2019-07-12 11:41:45,1538.75
2019-07-12 11:41:44,1538.7461
2019-07-12 11:41:43,1538.7461
2019-07-12 11:41:42,1538.7461
2019-07-12 11:41:41,1538.7461
2019-07-12 11:41:40,1538.75
2019-07-12 11:41:39,1538.75
2019-07-12 11:41:38,1538.75
2019-07-12 11:41:37,1538.7266
2019-07-12 11:41:36,1538.7266
2019-07-12 11:41:35,1538.7266
2019-07-12 11:41:34,1538.7266
2019-07-12 11:41:33,1538.7266
2019-07-12 11:41:32,1538.7266
2019-07-12 11:41:31,1538.7266
2019-07-12 11:41:30,1538.7266
2019-07-12 11:41:29,1538.7266
2019-07-12 11:41:28,1538.7266
2019-07-12 11:41:27,1538.7266
2019-07-12 11:41:26,1538.7266
2019-07-12 11:41:25,1538.7266
2019-07-12 11:41:24,1538.7266
2019-07-12 11:41:23,1538.7227
2019-07-12 11:41:22,1538.7227
2019-07-12 11:41:21,1538.7227
2019-07-12 11:41:20,1538.7227
2019-07-12 11:41:19,1538.7227
2019-07-12 11:41:18,1538.7227
2019-07-12 11:41:17,1538.7227
2019-07-12 11:41:16,1538.7227
2019-07-12 11:41:15,1538.7227
2019-07-12 11:41:14,1538.7227
2019-07-12 11:41:13,1538.7227
2019-07-12 11:41:12,1538.7227
2019-07-12 11:41:11,1538.7227
2019-07-12 11:41:10,1538.707
2019-07-12 11:41:09,1538.707
2019-07-12 11:41:08,1538.707
2019-07-12 11:41:07,1538.707
2019-07-12 11:41:06,1538.707
2019-07-12 11:41:05,1538.707
2019-07-12 11:41:04,1538.707
2019-07-12 11:41:03,1538.707
2019-07-12 11:41:02,1538.707
2019-07-12 11:41:01,1538.707
2019-07-12 11:41:00,1538.7109
2019-07-12 11:40:59,1538.7109
2019-07-12 11:40:58,1538.7109
2019-07-12 11:40:57,1538.7109
2019-07-12 11:40:56,1538.7109
2019-07-12 11:40:55,1538.7109
2019-07-12 11:40:54,1538.7109
2019-07-12 11:40:53,1538.7109
2019-07-12 11:40:52,1538.7109
2019-07-12 11:40:51,1538.7109
2019-07-12 11:40:50,1538.7031
2019-07-12 11:40:49,1538.7031
2019-07-12 11:40:48,1538.7031
2019-07-12 11:40:47,1538.7031
2019-07-12 11:40:46,1538.7031
2019-07-12 11:40:45,1538.7031
2019-07-12 11:40:44,1538.7031
2019-07-12 11:40:43,1538.7031
2019-07-12 11:40:42,1538.6914
2019-07-12 11:40:41,1538.5703
2019-07-12 11:40:40,1538.5703
2019-07-12 11:40:39,1538.5703
2019-07-12 11:40:38,1538.5625
2019-07-12 11:40:37,1538.5625
2019-07-12 11:40:36,1538.5625
2019-07-12 11:40:35,1538.5625
2019-07-12 11:40:34,1538.5625
2019-07-12 11:40:33,1538.5625
2019-07-12 11:40:32,1538.5625
2019-07-12 11:40:31,1538.5625
2019-07-12 11:40:30,1538.5625
2019-07-12 11:40:29,1538.5625
2019-07-12 11:40:28,1538.5625
2019-07-12 11:40:27,1538.5625
2019-07-12 11:40:26,1538.5625
2019-07-12 11:40:25,1538.5625
2019-07-12 11:40:24,1538.5625
2019-07-12 11:40:23,1538.5156
2019-07-12 11:40:22,1538.5547
2019-07-12 11:40:21,1538.5547
2019-07-12 11:40:20,1538.5547
2019-07-12 11:40:19,1538.5547
2019-07-12 11:40:18,1538.5547
2019-07-12 11:40:17,1538.5547
2019-07-12 11:40:16,1538.6367
2019-07-12 11:40:15,1538.5547
2019-07-12 11:40:14,1538.6758
2019-07-12 11:40:13,1538.6758
2019-07-12 11:40:12,1538.1953
2019-07-12 11:40:11,1538.3164
2019-07-12 11:40:10,1538.3164
2019-07-12 11:40:09,1538.1953
2019-07-12 11:40:08,1538.1953
2019-07-12 11:40:07,1538.1875
2019-07-12 11:40:06,1538.1875
2019-07-12 11:40:05,1538.1875
2019-07-12 11:40:04,1538.1875
2019-07-12 11:40:03,1538.1875
2019-07-12 11:40:02,1538.1875
2019-07-12 11:40:01,1538.1875
2019-07-12 11:40:00,1538.1875
2019-07-12 11:39:59,1538.1875
2019-07-12 11:39:58,1538.1797
2019-07-12 11:39:57,1538.0586
2019-07-12 11:39:56,1538.0586
2019-07-12 11:39:55,1538.0586
2019-07-12 11:39:54,1538.0586
2019-07-12 11:39:53,1538.0586
2019-07-12 11:39:52,1538.0586
2019-07-12 11:39:51,1538.0586
2019-07-12 11:39:50,1538.0586
2019-07-12 11:39:49,1538.0586
2019-07-12 11:39:48,1538.0586
2019-07-12 11:39:47,1538.0586
2019-07-12 11:39:46,1538.0469
2019-07-12 11:39:45,1538.0469
2019-07-12 11:39:44,1538.0469
2019-07-12 11:39:43,1538.0469
2019-07-12 11:39:42,1538.0156
2019-07-12 11:39:41,1538.0156
2019-07-12 11:39:40,1538.0156
2019-07-12 11:39:39,1537.8945
2019-07-12 11:39:38,1538.0078
2019-07-12 11:39:37,1538.0078
2019-07-12 11:39:36,1538.0078
2019-07-12 11:39:35,1538.0078
2019-07-12 11:39:34,1538.0078
2019-07-12 11:39:33,1538.0078
2019-07-12 11:39:32,1538.0117
2019-07-12 11:39:31,1538.0117
2019-07-12 11:39:30,1538.0117
2019-07-12 11:39:29,1538.0117
2019-07-12 11:39:28,1538.0117
2019-07-12 11:39:27,1538.0117
2019-07-12 11:39:26,1537.9805
2019-07-12 11:39:25,1537.9805
2019-07-12 11:39:24,1537.9805
2019-07-12 11:39:23,1537.9414
2019-07-12 11:39:22,1537.8594
2019-07-12 11:39:21,1537.8594
2019-07-12 11:39:20,1537.8594
2019-07-12 11:39:19,1537.9727
2019-07-12 11:39:18,1537.9727
2019-07-12 11:39:17,1537.9727
2019-07-12 11:39:16,1538.0938
2019-07-12 11:39:15,1538.0938
2019-07-12 11:39:14,1538.0938
2019-07-12 11:39:13,1538.0938
2019-07-12 11:39:12,1538.0938
2019-07-12 11:39:11,1538.0703
2019-07-12 11:39:10,1538.0703
2019-07-12 11:39:09,1538.0703
2019-07-12 11:39:08,1538.0703
2019-07-12 11:39:07,1538.0703
2019-07-12 11:39:06,1538.0703
2019-07-12 11:39:05,1538.0703
2019-07-12 11:39:04,1538.0703
2019-07-12 11:39:03,1538.0703
2019-07-12 11:39:02,1538.0703
2019-07-12 11:39:01,1537.9492
2019-07-12 11:39:00,1537.9492
2019-07-12 11:38:59,1537.9492
2019-07-12 11:38:58,1538.0703
2019-07-12 11:38:57,1538.0703
2019-07-12 11:38:56,1538.0703
2019-07-12 11:38:55,1538.0703
2019-07-12 11:38:54,1538.0703
2019-07-12 11:38:53,1538.0703
2019-07-12 11:38:52,1537.9492
2019-07-12 11:38:51,1537.9492
2019-07-12 11:38:50,1537.9492
2019-07-12 11:38:49,1537.9492
2019-07-12 11:38:48,1537.9492
2019-07-12 11:38:47,1537.9492
2019-07-12 11:38:46,1537.9492
2019-07-12 11:38:45,1537.9492
2019-07-12 11:38:44,1537.1992
2019-07-12 11:38:43,1536.125
2019-07-12 11:38:42,1536.125
2019-07-12 11:38:41,1536.1094
2019-07-12 11:38:40,1536.1094
2019-07-12 11:38:39,1536.0938
2019-07-12 11:38:38,1536.0938
2019-07-12 11:38:37,1536.0938
2019-07-12 11:38:36,1536.0938
2019-07-12 11:38:35,1536.0938
2019-07-12 11:38:34,1536.0938
2019-07-12 11:38:33,1536.0859
2019-07-12 11:38:32,1536.0859
2019-07-12 11:38:31,1536.0859
2019-07-12 11:38:30,1536.0859
2019-07-12 11:38:29,1536.0859
2019-07-12 11:38:28,1536.0859
2019-07-12 11:38:27,1536.0859
2019-07-12 11:38:26,1536.207
2019-07-12 11:38:25,1536.0859
2019-07-12 11:38:24,1536.0859
2019-07-12 11:38:23,1536.0859
2019-07-12 11:38:22,1536.0859
2019-07-12 11:38:21,1536.0859
2019-07-12 11:38:20,1536.0859
2019-07-12 11:38:19,1536.0859
2019-07-12 11:38:18,1536.0859
2019-07-12 11:38:17,1536.0859
2019-07-12 11:38:16,1536.0859
2019-07-12 11:38:15,1536.0859
2019-07-12 11:38:14,1536.0859
2019-07-12 11:38:13,1536.0859
2019-07-12 11:38:12,1536.0859
2019-07-12 11:38:11,1536.0781
2019-07-12 11:38:10,1536.0781
2019-07-12 11:38:09,1536.0781
2019-07-12 11:38:08,1536.0781
2019-07-12 11:38:07,1536.0781
2019-07-12 11:38:06,1536.0781
2019-07-12 11:38:05,1536.0703
2019-07-12 11:38:04,1536.0703
2019-07-12 11:38:03,1536.0703
2019-07-12 11:38:02,1536.0703
2019-07-12 11:38:01,1536.1914
2019-07-12 11:38:00,1536.1914
2019-07-12 11:37:59,1536.0703
2019-07-12 11:37:58,1536.0625
2019-07-12 11:37:57,1536.0625
2019-07-12 11:37:56,1536.0625
2019-07-12 11:37:55,1536.0625
2019-07-12 11:37:54,1536.0625
2019-07-12 11:37:53,1536.0625
2019-07-12 11:37:52,1536.0625
2019-07-12 11:37:51,1536.0625
2019-07-12 11:37:50,1536.0625
2019-07-12 11:37:49,1536.0625
2019-07-12 11:37:48,1536.0625
2019-07-12 11:37:47,1536.0625
2019-07-12 11:37:46,1536.0625
2019-07-12 11:37:45,1536.0625
2019-07-12 11:37:44,1536.0625
2019-07-12 11:37:43,1536.0586
2019-07-12 11:37:42,1536.0547
2019-07-12 11:37:41,1536.0547
2019-07-12 11:37:40,1536.0547
2019-07-12 11:37:39,1536.0469
2019-07-12 11:37:38,1536.0469
2019-07-12 11:37:37,1536.0469
2019-07-12 11:37:36,1536.0469
2019-07-12 11:37:35,1536.0391
2019-07-12 11:37:34,1536.0391
2019-07-12 11:37:33,1536.0391
2019-07-12 11:37:32,1536.0391
2019-07-12 11:37:31,1536.0391
2019-07-12 11:37:30,1536.0391
2019-07-12 11:37:29,1536.0391
2019-07-12 11:37:28,1536.0391
2019-07-12 11:37:27,1536.0391
2019-07-12 11:37:26,1536.1602
2019-07-12 11:37:25,1536.1602
2019-07-12 11:37:24,1536.1602
2019-07-12 11:37:23,1536.1602
2019-07-12 11:37:22,1536.1602
2019-07-12 11:37:21,1536.1602
2019-07-12 11:37:20,1536.1602
2019-07-12 11:37:19,1536.1602
2019-07-12 11:37:18,1536.1602
2019-07-12 11:37:17,1536.1602
2019-07-12 11:37:16,1536.1602
2019-07-12 11:37:15,1536.1602
2019-07-12 11:37:14,1536.1602
2019-07-12 11:37:13,1536.1602
2019-07-12 11:37:12,1536.0391
2019-07-12 11:37:11,1536.0312
2019-07-12 11:37:10,1536.0312
2019-07-12 11:37:09,1536.0312
2019-07-12 11:37:08,1536.0234
2019-07-12 11:37:07,1536.0234
2019-07-12 11:37:06,1536.0234
2019-07-12 11:37:05,1536.0195
2019-07-12 11:37:04,1536.0195
2019-07-12 11:37:03,1536.0234
2019-07-12 11:37:02,1536.0234
2019-07-12 11:37:01,1536.0234
2019-07-12 11:37:00,1536.0234
2019-07-12 11:36:59,1536.0234
2019-07-12 11:36:58,1536.0234
2019-07-12 11:36:57,1536.0234
2019-07-12 11:36:56,1536.0234
2019-07-12 11:36:55,1536.0117
2019-07-12 11:36:54,1536.0117
2019-07-12 11:36:53,1536.0117
2019-07-12 11:36:52,1536.0117
2019-07-12 11:36:51,1536.0117
2019-07-12 11:36:50,1536.0117
2019-07-12 11:36:49,1536.0117
2019-07-12 11:36:48,1536.0117
2019-07-12 11:36:47,1536.0117
2019-07-12 11:36:46,1536.0117
2019-07-12 11:36:45,1536.2539
2019-07-12 11:36:44,1536.2539
2019-07-12 11:36:43,1536.2539
2019-07-12 11:36:42,1536.2969
2019-07-12 11:36:41,1536.2148
2019-07-12 11:36:40,1536.2148
2019-07-12 11:36:39,1536.2148
2019-07-12 11:36:38,1536.2031
2019-07-12 11:36:37,1536.2031
2019-07-12 11:36:36,1536.2031
2019-07-12 11:36:35,1536.2031
2019-07-12 11:36:34,1536.2031
2019-07-12 11:36:33,1536.2031
2019-07-12 11:36:32,1536.2031
2019-07-12 11:36:31,1536.207
2019-07-12 11:36:30,1536.207
2019-07-12 11:36:29,1536.207
2019-07-12 11:36:28,1536.207
2019-07-12 11:36:27,1536.207
2019-07-12 11:36:26,1536.207
2019-07-12 11:36:25,1536.207
2019-07-12 11:36:24,1536.207
2019-07-12 11:36:23,1536.207
2019-07-12 11:36:22,1536.207
2019-07-12 11:36:21,1536.207
2019-07-12 11:36:20,1536.207
2019-07-12 11:36:19,1536.1602
2019-07-12 11:36:18,1536.0781
2019-07-12 11:36:17,1536.0781
2019-07-12 11:36:16,1536.0781
2019-07-12 11:36:15,1536.0781
2019-07-12 11:36:14,1535.957
2019-07-12 11:36:13,1530.0234
2019-07-12 11:36:12,1530.0234
2019-07-12 11:36:11,1530.0117
2019-07-12 11:36:10,1530.0039
2019-07-12 11:36:09,1530.0039
2019-07-12 11:36:08,1530.0039
2019-07-12 11:36:07,1530.0039
2019-07-12 11:36:06,1530.0039
2019-07-12 11:36:05,1530.0039
2019-07-12 11:36:04,1530.0039
2019-07-12 11:36:03,1530.0039
2019-07-12 11:36:02,1530.0039
2019-07-12 11:36:01,1530.0039
2019-07-12 11:36:00,1530.0039
2019-07-12 11:35:59,1530.0039
2019-07-12 11:35:58,1530.0039
2019-07-12 11:35:57,1529.8828
2019-07-12 11:35:56,1529.8828
2019-07-12 11:35:55,1529.875
2019-07-12 11:35:54,1529.875
2019-07-12 11:35:53,1529.875
2019-07-12 11:35:52,1529.875
2019-07-12 11:35:51,1529.875
2019-07-12 11:35:50,1529.875
2019-07-12 11:35:49,1529.875
2019-07-12 11:35:48,1529.875
2019-07-12 11:35:47,1529.9961
2019-07-12 11:35:46,1529.9961
2019-07-12 11:35:45,1529.9961
2019-07-12 11:35:44,1529.875
2019-07-12 11:35:43,1529.875
2019-07-12 11:35:42,1529.7539
2019-07-12 11:35:41,1529.7305
2019-07-12 11:35:40,1529.7266
2019-07-12 11:35:39,1529.7266
2019-07-12 11:35:38,1529.7266
2019-07-12 11:35:37,1529.7266
2019-07-12 11:35:36,1529.7266
2019-07-12 11:35:35,1529.7266
2019-07-12 11:35:34,1529.7266
2019-07-12 11:35:33,1529.7266
2019-07-12 11:35:32,1529.7266
2019-07-12 11:35:31,1529.7266
2019-07-12 11:35:30,1529.7266
2019-07-12 11:35:29,1529.7266
2019-07-12 11:35:28,1529.7266
2019-07-12 11:35:27,1529.7266
2019-07-12 11:35:26,1529.7266
2019-07-12 11:35:25,1529.7305
2019-07-12 11:35:24,1529.7305
2019-07-12 11:35:23,1529.7305
2019-07-12 11:35:22,1529.7305
2019-07-12 11:35:21,1529.7305
2019-07-12 11:35:20,1529.7305
2019-07-12 11:35:19,1529.7305
2019-07-12 11:35:18,1529.7305
2019-07-12 11:35:17,1529.7305
2019-07-12 11:35:16,1529.7305
2019-07-12 11:35:15,1529.7305
2019-07-12 11:35:14,1529.7305
2019-07-12 11:35:13,1529.7305
2019-07-12 11:35:12,1529.6094
2019-07-12 11:35:11,1529.7148
2019-07-12 11:35:10,1529.7148
2019-07-12 11:35:09,1529.7148
2019-07-12 11:35:08,1529.7148
2019-07-12 11:35:07,1529.7109
2019-07-12 11:35:06,1529.7109
2019-07-12 11:35:05,1529.7148
2019-07-12 11:35:04,1529.7148
2019-07-12 11:35:03,1529.7148
2019-07-12 11:35:02,1529.7148
2019-07-12 11:35:01,1529.8359
2019-07-12 11:35:00,1529.8359
2019-07-12 11:34:59,1529.8359
2019-07-12 11:34:58,1529.8359
2019-07-12 11:34:57,1529.7148
2019-07-12 11:34:56,1529.7148
2019-07-12 11:34:55,1529.7148
2019-07-12 11:34:54,1529.7148
2019-07-12 11:34:53,1529.7148
2019-07-12 11:34:52,1529.7148
2019-07-12 11:34:51,1529.7148
2019-07-12 11:34:50,1529.7148
2019-07-12 11:34:49,1529.7148
2019-07-12 11:34:48,1529.7148
2019-07-12 11:34:47,1529.7148
2019-07-12 11:34:46,1529.7148
2019-07-12 11:34:45,1529.7148
2019-07-12 11:34:44,1529.7148
2019-07-12 11:34:43,1529.7148
2019-07-12 11:34:42,1529.7031
2019-07-12 11:34:41,1529.7031
2019-07-12 11:34:40,1529.707
2019-07-12 11:34:39,1529.707
2019-07-12 11:34:38,1529.707
2019-07-12 11:34:37,1529.5742
2019-07-12 11:34:36,1529.5742
2019-07-12 11:34:35,1529.5742
2019-07-12 11:34:34,1529.5742
2019-07-12 11:34:33,1529.5742
2019-07-12 11:34:32,1529.6953
2019-07-12 11:34:31,1529.6953
2019-07-12 11:34:30,1529.6953
2019-07-12 11:34:29,1529.6953
2019-07-12 11:34:28,1529.6953
2019-07-12 11:34:27,1529.6953
2019-07-12 11:34:26,1529.6953
2019-07-12 11:34:25,1529.6953
2019-07-12 11:34:24,1529.6953
2019-07-12 11:34:23,1529.6953
2019-07-12 11:34:22,1529.6953
2019-07-12 11:34:21,1529.6953
2019-07-12 11:34:20,1529.6953
2019-07-12 11:34:19,1529.6953
2019-07-12 11:34:18,1529.6953
2019-07-12 11:34:17,1529.6953
2019-07-12 11:34:16,1529.6953
2019-07-12 11:34:15,1529.6953
2019-07-12 11:34:14,1529.6953
2019-07-12 11:34:13,1529.6953
2019-07-12 11:34:12,1529.6953
2019-07-12 11:34:11,1529.5664
2019-07-12 11:34:10,1529.5664
2019-07-12 11:34:09,1529.6875
2019-07-12 11:34:08,1529.668
2019-07-12 11:34:07,1529.668
2019-07-12 11:34:06,1529.668
2019-07-12 11:34:05,1529.6719
2019-07-12 11:34:04,1529.6719
2019-07-12 11:34:03,1529.6719
2019-07-12 11:34:02,1529.6719
2019-07-12 11:34:01,1529.6719
2019-07-12 11:34:00,1529.5508
2019-07-12 11:33:59,1529.5508
2019-07-12 11:33:58,1529.5508
2019-07-12 11:33:57,1529.5508
2019-07-12 11:33:56,1529.5508
2019-07-12 11:33:55,1529.5508
2019-07-12 11:33:54,1529.5508
2019-07-12 11:33:53,1529.5508
2019-07-12 11:33:52,1529.5508
2019-07-12 11:33:51,1529.5508
2019-07-12 11:33:50,1529.5508
2019-07-12 11:33:49,1529.5508
2019-07-12 11:33:48,1529.5508
2019-07-12 11:33:47,1529.5508
2019-07-12 11:33:46,1529.5508
2019-07-12 11:33:45,1529.3047
2019-07-12 11:33:44,1527.2461
2019-07-12 11:33:43,1527.2461
2019-07-12 11:33:42,1527.2148
2019-07-12 11:33:41,1527.2148
2019-07-12 11:33:40,1527.2148
2019-07-12 11:33:39,1527.2109
2019-07-12 11:33:38,1527.2031
2019-07-12 11:33:37,1527.2031
2019-07-12 11:33:36,1527.2031
2019-07-12 11:33:35,1527.3242
2019-07-12 11:33:34,1527.3242
2019-07-12 11:33:33,1527.3242
2019-07-12 11:33:32,1527.332
2019-07-12 11:33:31,1527.332
2019-07-12 11:33:30,1527.3281
2019-07-12 11:33:29,1527.3281
2019-07-12 11:33:28,1527.3125
2019-07-12 11:33:27,1527.3125
2019-07-12 11:33:26,1527.3125
2019-07-12 11:33:25,1527.1836
2019-07-12 11:33:24,1527.3047
2019-07-12 11:33:23,1527.0117
2019-07-12 11:33:22,1527.4023
2019-07-12 11:33:21,1527.4023
2019-07-12 11:33:20,1527.4023
2019-07-12 11:33:19,1527.4023
2019-07-12 11:33:18,1527.2812
2019-07-12 11:33:17,1527.0352
2019-07-12 11:33:16,1527.0352
2019-07-12 11:33:15,1527.0234
2019-07-12 11:33:14,1527.1406
2019-07-12 11:33:13,1527.1406
2019-07-12 11:33:12,1527.1406
2019-07-12 11:33:11,1527.2578
2019-07-12 11:33:10,1527.3359
2019-07-12 11:33:09,1527.2891
2019-07-12 11:33:08,1527.125
2019-07-12 11:33:07,1527.1133
2019-07-12 11:33:06,1527.1133
2019-07-12 11:33:05,1527.1133
2019-07-12 11:33:04,1527.1133
2019-07-12 11:33:03,1527.1133
2019-07-12 11:33:02,1527.1953
2019-07-12 11:33:01,1527.1953
2019-07-12 11:33:00,1527.2344
2019-07-12 11:32:59,1527.2344
2019-07-12 11:32:58,1527.2188
2019-07-12 11:32:57,1527.2188
2019-07-12 11:32:56,1527.3398
2019-07-12 11:32:55,1527.3398
2019-07-12 11:32:54,1527.3359
2019-07-12 11:32:53,1527.3281
2019-07-12 11:32:52,1527.4492
2019-07-12 11:32:51,1527.4453
2019-07-12 11:32:50,1527.3984
2019-07-12 11:32:49,1527.3477
2019-07-12 11:32:48,1527.4297
2019-07-12 11:32:47,1527.4609
2019-07-12 11:32:46,1527.5742
2019-07-12 11:32:45,1527.5742
2019-07-12 11:32:44,1527.5703
2019-07-12 11:32:43,1527.5703
2019-07-12 11:32:42,1527.5586
2019-07-12 11:32:41,1527.5586
2019-07-12 11:32:40,1527.4336
2019-07-12 11:32:39,1527.4297
2019-07-12 11:32:38,1527.7891
2019-07-12 11:32:37,1527.7891
2019-07-12 11:32:36,1527.7773
2019-07-12 11:32:35,1527.7773
2019-07-12 11:32:34,1527.7773
2019-07-12 11:32:33,1527.7773
2019-07-12 11:32:32,1527.7773
2019-07-12 11:32:31,1527.7734
2019-07-12 11:32:30,1527.7656
2019-07-12 11:32:29,1527.7656
2019-07-12 11:32:28,1527.8828
2019-07-12 11:32:27,1527.8789
2019-07-12 11:32:26,1527.6172
2019-07-12 11:32:25,1527.4961
2019-07-12 11:32:24,1527.6172
2019-07-12 11:32:23,1527.6367
2019-07-12 11:32:22,1527.9102
2019-07-12 11:32:21,1527.9062
2019-07-12 11:32:20,1527.7773
2019-07-12 11:32:19,1527.7773
2019-07-12 11:32:18,1527.7773
2019-07-12 11:32:17,1527.7773
2019-07-12 11:32:16,1527.7773
2019-07-12 11:32:15,1527.7773
2019-07-12 11:32:14,1527.7773
2019-07-12 11:32:13,1527.7695
2019-07-12 11:32:12,1527.7695
2019-07-12 11:32:11,1527.7695
2019-07-12 11:32:10,1527.7695
2019-07-12 11:32:09,1527.7617
2019-07-12 11:32:08,1527.7617
2019-07-12 11:32:07,1527.7617
2019-07-12 11:32:06,1527.7617
2019-07-12 11:32:05,1527.7578
2019-07-12 11:32:04,1527.7578
2019-07-12 11:32:03,1527.7539
2019-07-12 11:32:02,1527.7539
2019-07-12 11:32:01,1527.9805
2019-07-12 11:32:00,1527.9805
2019-07-12 11:31:59,1528.1055
2019-07-12 11:31:58,1528.1055
2019-07-12 11:31:57,1528.1055
2019-07-12 11:31:56,1528.1055
2019-07-12 11:31:55,1528.1055
2019-07-12 11:31:54,1528.1055
2019-07-12 11:31:53,1528.1055
2019-07-12 11:31:52,1528.0898
2019-07-12 11:31:51,1528.0977
2019-07-12 11:31:50,1528.0977
2019-07-12 11:31:49,1528.0977
2019-07-12 11:31:48,1528.0977
2019-07-12 11:31:47,1528.0977
2019-07-12 11:31:46,1528.0977
2019-07-12 11:31:45,1528.0977
2019-07-12 11:31:44,1528.0977
2019-07-12 11:31:43,1528.0938
2019-07-12 11:31:42,1528.0938
2019-07-12 11:31:41,1528.0547
2019-07-12 11:31:40,1527.9648
2019-07-12 11:31:39,1527.9219
2019-07-12 11:31:38,1527.8359
2019-07-12 11:31:37,1527.7148
2019-07-12 11:31:36,1527.957
2019-07-12 11:31:35,1527.9453
2019-07-12 11:31:34,1527.9453
2019-07-12 11:31:33,1527.9258
2019-07-12 11:31:32,1528.0469
2019-07-12 11:31:31,1528.168
2019-07-12 11:31:30,1528.2891
2019-07-12 11:31:29,1528.2891
2019-07-12 11:31:28,1528.2891
2019-07-12 11:31:27,1528.2891
2019-07-12 11:31:26,1528.4102
2019-07-12 11:31:25,1528.4102
2019-07-12 11:31:24,1528.4102
2019-07-12 11:31:23,1528.4102
2019-07-12 11:31:22,1528.4102
2019-07-12 11:31:21,1528.4102
2019-07-12 11:31:20,1528.4023
2019-07-12 11:31:19,1528.4023
2019-07-12 11:31:18,1528.4023
2019-07-12 11:31:17,1528.3984
2019-07-12 11:31:16,1528.3984
2019-07-12 11:31:15,1528.3984
2019-07-12 11:31:14,1528.3945
2019-07-12 11:31:13,1528.3945
2019-07-12 11:31:12,1528.3906
2019-07-12 11:31:11,1528.3906
2019-07-12 11:31:10,1528.3477
2019-07-12 11:31:09,1528.3867
2019-07-12 11:31:08,1528.5039
2019-07-12 11:31:07,1528.6172
2019-07-12 11:31:06,1528.6172
2019-07-12 11:31:05,1528.6523
2019-07-12 11:31:04,1528.6484
2019-07-12 11:31:03,1528.8867
2019-07-12 11:31:02,1528.832
2019-07-12 11:31:01,1529.3555
2019-07-12 11:31:00,1529.7148
2019-07-12 11:30:59,1529.9531
2019-07-12 11:30:58,1530.1914
2019-07-12 11:30:57,1530.2969
2019-07-12 11:30:56,1530.5391
2019-07-12 11:30:55,1530.5352
2019-07-12 11:30:54,1531.1328
2019-07-12 11:30:53,1531.1289
2019-07-12 11:30:52,1531.0039
2019-07-12 11:30:51,1531.0039
2019-07-12 11:30:50,1531.0039
2019-07-12 11:30:49,1531.0039
2019-07-12 11:30:48,1530.8828
2019-07-12 11:30:47,1530.8828
2019-07-12 11:30:46,1530.8828
2019-07-12 11:30:45,1530.8828
2019-07-12 11:30:44,1530.875
2019-07-12 11:30:43,1530.875
2019-07-12 11:30:42,1529.9961
2019-07-12 11:30:41,1529.9961
2019-07-12 11:30:40,1529.9961
2019-07-12 11:30:39,1530.1133
2019-07-12 11:30:38,1530.2305
2019-07-12 11:30:37,1530.6953
2019-07-12 11:30:36,1530.6953
2019-07-12 11:30:35,1530.6953
2019-07-12 11:30:34,1530.6953
2019-07-12 11:30:33,1530.6992
2019-07-12 11:30:32,1530.6992
2019-07-12 11:30:31,1530.6992
2019-07-12 11:30:30,1530.7031
2019-07-12 11:30:29,1530.7031
2019-07-12 11:30:28,1530.707
2019-07-12 11:30:27,1530.707
2019-07-12 11:30:26,1530.707
2019-07-12 11:30:25,1530.707
2019-07-12 11:30:24,1530.707
2019-07-12 11:30:23,1530.707
2019-07-12 11:30:22,1530.707
2019-07-12 11:30:21,1530.5859
2019-07-12 11:30:20,1530.5859
2019-07-12 11:30:19,1530.5859
2019-07-12 11:30:18,1530.5859
2019-07-12 11:30:17,1530.5859
2019-07-12 11:30:16,1530.5859
2019-07-12 11:30:15,1530.5859
2019-07-12 11:30:14,1530.5859
2019-07-12 11:30:13,1530.5859
2019-07-12 11:30:12,1530.5859
2019-07-12 11:30:11,1530.5859
2019-07-12 11:30:10,1530.5859
2019-07-12 11:30:09,1530.5547
2019-07-12 11:30:08,1530.5547
2019-07-12 11:30:07,1530.5547
2019-07-12 11:30:06,1530.5547
2019-07-12 11:30:05,1530.5547
2019-07-12 11:30:04,1530.5547
2019-07-12 11:30:03,1530.5547
2019-07-12 11:30:02,1530.4375
2019-07-12 11:30:01,1530.4375
2019-07-12 11:30:00,1530.4336
2019-07-12 11:29:59,1530.4336
2019-07-12 11:29:58,1530.3164
2019-07-12 11:29:57,1530.3164
2019-07-12 11:29:56,1530.3164
2019-07-12 11:29:55,1530.3164
2019-07-12 11:29:54,1530.1992
2019-07-12 11:29:53,1530.1992
2019-07-12 11:29:52,1530.1992
2019-07-12 11:29:51,1530.1992
2019-07-12 11:29:50,1530.082
2019-07-12 11:29:49,1530.082
2019-07-12 11:29:48,1530.082
2019-07-12 11:29:47,1530.082
2019-07-12 11:29:46,1530.0898
2019-07-12 11:29:45,1530.0859
2019-07-12 11:29:44,1530.0898
2019-07-12 11:29:43,1530
2019-07-12 11:29:42,1530.5469
2019-07-12 11:29:41,1530.5469
2019-07-12 11:29:40,1530.5469
2019-07-12 11:29:39,1530.5352
2019-07-12 11:29:38,1530.5352
2019-07-12 11:29:37,1530.5039
2019-07-12 11:29:36,1530.5039
2019-07-12 11:29:35,1530.5039
2019-07-12 11:29:34,1530.4688
2019-07-12 11:29:33,1530.4727
2019-07-12 11:29:32,1530.3203
2019-07-12 11:29:31,1530.3203
2019-07-12 11:29:30,1530.3203
2019-07-12 11:29:29,1530.3203
2019-07-12 11:29:28,1530.2656
2019-07-12 11:29:27,1530.25
2019-07-12 11:29:26,1530.25
2019-07-12 11:29:25,1530.3711
2019-07-12 11:29:24,1530.332
2019-07-12 11:29:23,1531.6875
2019-07-12 11:29:22,1532.3242
2019-07-12 11:29:21,1549.6094
2019-07-12 11:29:20,1549.7773
2019-07-12 11:29:19,1549.6328
2019-07-12 11:29:18,1549.6523
2019-07-12 11:29:17,1549.6094
2019-07-12 11:29:16,1549.8906
2019-07-12 11:29:15,1549.75
2019-07-12 11:29:14,1550.0898
2019-07-12 11:29:13,1549.9609
2019-07-12 11:29:12,1550.0703
2019-07-12 11:29:11,1550.5977
2019-07-12 11:29:10,1550.5859
2019-07-12 11:29:09,1550.5312
2019-07-12 11:29:08,1550.7188
2019-07-12 11:29:07,1550.1016
2019-07-12 11:29:06,1549.9688
2019-07-12 11:29:05,1549.9414
2019-07-12 11:29:04,1550.1016
2019-07-12 11:29:03,1550.0234
2019-07-12 11:29:02,1549.9688
2019-07-12 11:29:01,1549.9062
2019-07-12 11:29:00,1549.9492
2019-07-12 11:28:59,1550.0781
2019-07-12 11:28:58,1549.9688
2019-07-12 11:28:57,1550.0312
2019-07-12 11:28:56,1550.1367
2019-07-12 11:28:55,1550.0586
2019-07-12 11:28:54,1550.1836
2019-07-12 11:28:53,1550.1172
2019-07-12 11:28:52,1550.0039
2019-07-12 11:28:51,1549.9453
2019-07-12 11:28:50,1550.7656
2019-07-12 11:28:49,1550.7344
2019-07-12 11:28:48,1550.7344
2019-07-12 11:28:47,1550.6875
2019-07-12 11:28:46,1550.6602
2019-07-12 11:28:45,1550.7734
2019-07-12 11:28:44,1550.8164
2019-07-12 11:28:43,1550.5781
2019-07-12 11:28:42,1542.7383
2019-07-12 11:28:41,1550.2188
