time,switches
2019-07-12 11:48:25,303.0325
2019-07-12 11:48:24,292.811
2019-07-12 11:48:23,289.7583
2019-07-12 11:48:22,300.4352
2019-07-12 11:48:21,298.3804
2019-07-12 11:48:20,273.7388
2019-07-12 11:48:19,303.6247
2019-07-12 11:48:18,285.1327
2019-07-12 11:48:17,306.9704
2019-07-12 11:48:16,414.0444
2019-07-12 11:48:15,313.3391
2019-07-12 11:48:14,340.8456
2019-07-12 11:48:13,490.3104
2019-07-12 11:48:12,343.1923
2019-07-12 11:48:11,299.1563
2019-07-12 11:48:10,304.1831
2019-07-12 11:48:09,301.2542
2019-07-12 11:48:08,317.4699
2019-07-12 11:48:07,295.8754
2019-07-12 11:48:06,391.628
2019-07-12 11:48:05,320.2796
2019-07-12 11:48:04,311.3091
2019-07-12 11:48:03,282.3138
2019-07-12 11:48:02,302.5117
2019-07-12 11:48:01,284.1833
2019-07-12 11:48:00,291.8132
2019-07-12 11:47:59,287.4305
2019-07-12 11:47:58,291.614
2019-07-12 11:47:57,294.1055
2019-07-12 11:47:56,340.21
2019-07-12 11:47:55,352.3056
2019-07-12 11:47:54,320.4227
2019-07-12 11:47:53,278.9494
2019-07-12 11:47:52,282.0731
2019-07-12 11:47:51,293.3045
2019-07-12 11:47:50,294.1418
2019-07-12 11:47:49,305.5427
2019-07-12 11:47:48,288.7537
2019-07-12 11:47:47,309.1709
2019-07-12 11:47:46,329.6881
2019-07-12 11:47:45,319.1992
2019-07-12 11:47:44,341.4213
2019-07-12 11:47:43,421.6355
2019-07-12 11:47:42,310.4107
2019-07-12 11:47:41,261.9693
2019-07-12 11:47:40,306.2758
2019-07-12 11:47:39,292.3619
2019-07-12 11:47:38,381.0306
2019-07-12 11:47:37,610.7383
2019-07-12 11:47:36,318.2754
2019-07-12 11:47:35,312.903
2019-07-12 11:47:34,293.7987
2019-07-12 11:47:33,308.0476
2019-07-12 11:47:32,326.2051
2019-07-12 11:47:31,304.086
2019-07-12 11:47:30,300.6567
2019-07-12 11:47:29,287.5771
2019-07-12 11:47:28,311.658
2019-07-12 11:47:27,377.8505
2019-07-12 11:47:26,580.7741
2019-07-12 11:47:25,295.1956
2019-07-12 11:47:24,312.5821
2019-07-12 11:47:23,356.9531
2019-07-12 11:47:22,1196.737
2019-07-12 11:47:21,4628.585
2019-07-12 11:47:20,930.7061
2019-07-12 11:47:19,351.9567
2019-07-12 11:47:18,400.1178
2019-07-12 11:47:17,315.9949
2019-07-12 11:47:16,427.7285
2019-07-12 11:47:15,334.6326
2019-07-12 11:47:14,408.761
2019-07-12 11:47:13,498.6119
2019-07-12 11:47:12,304.8601
2019-07-12 11:47:11,309.0656
2019-07-12 11:47:10,326.614
2019-07-12 11:47:09,301.4892
2019-07-12 11:47:08,314.4657
2019-07-12 11:47:07,319.4235
2019-07-12 11:47:06,341.2942
2019-07-12 11:47:05,308.3442
2019-07-12 11:47:04,300.3306
2019-07-12 11:47:03,286.7356
2019-07-12 11:47:02,295.3393
2019-07-12 11:47:01,299.2556
2019-07-12 11:47:00,314.5201
2019-07-12 11:46:59,320.8224
2019-07-12 11:46:58,463.3277
2019-07-12 11:46:57,542.9671
2019-07-12 11:46:56,501.0405
2019-07-12 11:46:55,457.7894
2019-07-12 11:46:54,564.9933
2019-07-12 11:46:53,582.7826
2019-07-12 11:46:52,608.6822
2019-07-12 11:46:51,431.8462
2019-07-12 11:46:50,568.4006
2019-07-12 11:46:49,686.8645
2019-07-12 11:46:48,292.6392
2019-07-12 11:46:47,284.7549
2019-07-12 11:46:46,321.7847
2019-07-12 11:46:45,320.5448
2019-07-12 11:46:44,329.4916
2019-07-12 11:46:43,380.7766
2019-07-12 11:46:42,313.3599
2019-07-12 11:46:41,292.078
2019-07-12 11:46:40,330.6141
2019-07-12 11:46:39,302.9034
2019-07-12 11:46:38,301.5396
2019-07-12 11:46:37,270.603
2019-07-12 11:46:36,302.6309
2019-07-12 11:46:35,333.2613
2019-07-12 11:46:34,383.1894
2019-07-12 11:46:33,322.1685
2019-07-12 11:46:32,300.6707
2019-07-12 11:46:31,312.1086
2019-07-12 11:46:30,286.5146
2019-07-12 11:46:29,281.354
2019-07-12 11:46:28,345.2678
2019-07-12 11:46:27,432.3278
2019-07-12 11:46:26,301.2109
2019-07-12 11:46:25,310.7476
2019-07-12 11:46:24,336.4832
2019-07-12 11:46:23,298.0454
2019-07-12 11:46:22,304.5462
2019-07-12 11:46:21,294.3946
2019-07-12 11:46:20,284.976
2019-07-12 11:46:19,284.8629
2019-07-12 11:46:18,282.9728
2019-07-12 11:46:17,309.2305
2019-07-12 11:46:16,343.4978
2019-07-12 11:46:15,350.5884
2019-07-12 11:46:14,391.8106
2019-07-12 11:46:13,521.3814
2019-07-12 11:46:12,365.2302
2019-07-12 11:46:11,350.9307
2019-07-12 11:46:10,335.1898
2019-07-12 11:46:09,293.0641
2019-07-12 11:46:08,326.3709
2019-07-12 11:46:07,329.9074
2019-07-12 11:46:06,368.4546
2019-07-12 11:46:05,591.9653
2019-07-12 11:46:04,527.2519
2019-07-12 11:46:03,599.752
2019-07-12 11:46:02,290.0978
2019-07-12 11:46:01,296.1832
2019-07-12 11:46:00,306.4297
2019-07-12 11:45:59,312.386
2019-07-12 11:45:58,341.1966
2019-07-12 11:45:57,397.3873
2019-07-12 11:45:56,324.4909
2019-07-12 11:45:55,323.0934
2019-07-12 11:45:54,338.9727
2019-07-12 11:45:53,309.4432
2019-07-12 11:45:52,296.8488
2019-07-12 11:45:51,288.7284
2019-07-12 11:45:50,284.3592
2019-07-12 11:45:49,300.5194
2019-07-12 11:45:48,292.0796
2019-07-12 11:45:47,328.3406
2019-07-12 11:45:46,299.5054
2019-07-12 11:45:45,337.2583
2019-07-12 11:45:44,357.6219
2019-07-12 11:45:43,423.7479
2019-07-12 11:45:42,345.9116
2019-07-12 11:45:41,312.2127
2019-07-12 11:45:40,342.9322
2019-07-12 11:45:39,343.1924
2019-07-12 11:45:38,324.6533
2019-07-12 11:45:37,322.4586
2019-07-12 11:45:36,325.9351
2019-07-12 11:45:35,326.7632
2019-07-12 11:45:34,303.3392
2019-07-12 11:45:33,304.1087
2019-07-12 11:45:32,302.6783
2019-07-12 11:45:31,348.9904
2019-07-12 11:45:30,322.3573
2019-07-12 11:45:29,334.0541
2019-07-12 11:45:28,341.0241
2019-07-12 11:45:27,355.5204
2019-07-12 11:45:26,382.0827
2019-07-12 11:45:25,346.8585
2019-07-12 11:45:24,319.7215
2019-07-12 11:45:23,305.1398
2019-07-12 11:45:22,269.7004
2019-07-12 11:45:21,286.6212
2019-07-12 11:45:20,301.6904
2019-07-12 11:45:19,345.5254
2019-07-12 11:45:18,350.778
2019-07-12 11:45:17,305.388
2019-07-12 11:45:16,384.9833
2019-07-12 11:45:15,318.1179
2019-07-12 11:45:14,388.2109
2019-07-12 11:45:13,456.2712
2019-07-12 11:45:12,330.1518
2019-07-12 11:45:11,306.548
2019-07-12 11:45:10,307.1379
2019-07-12 11:45:09,283.9403
2019-07-12 11:45:08,297.879
2019-07-12 11:45:07,315.1848
2019-07-12 11:45:06,353.8458
2019-07-12 11:45:05,265.0346
2019-07-12 11:45:04,293.207
2019-07-12 11:45:03,295.3737
2019-07-12 11:45:02,286.5974
2019-07-12 11:45:01,267.7845
2019-07-12 11:45:00,268.6523
2019-07-12 11:44:59,280.7854
2019-07-12 11:44:58,293.14
2019-07-12 11:44:57,318.4896
2019-07-12 11:44:56,335.538
2019-07-12 11:44:55,284.2812
2019-07-12 11:44:54,303.883
2019-07-12 11:44:53,297.5435
2019-07-12 11:44:52,289.964
2019-07-12 11:44:51,282.1008
2019-07-12 11:44:50,285.8161
2019-07-12 11:44:49,290.537
2019-07-12 11:44:48,289.9228
2019-07-12 11:44:47,304.883
2019-07-12 11:44:46,324.1581
2019-07-12 11:44:45,333.1352
2019-07-12 11:44:44,376.7719
2019-07-12 11:44:43,423.6836
2019-07-12 11:44:42,344.4833
2019-07-12 11:44:41,307.7924
2019-07-12 11:44:40,319.3792
2019-07-12 11:44:39,307.4152
2019-07-12 11:44:38,322.7742
2019-07-12 11:44:37,313.625
2019-07-12 11:44:36,340.2887
2019-07-12 11:44:35,311.1952
2019-07-12 11:44:34,302.0097
2019-07-12 11:44:33,286.7798
2019-07-12 11:44:32,316.1813
2019-07-12 11:44:31,302.7203
2019-07-12 11:44:30,306.0767
2019-07-12 11:44:29,314.0553
2019-07-12 11:44:28,332.3477
2019-07-12 11:44:27,439.1552
2019-07-12 11:44:26,553.7649
2019-07-12 11:44:25,316.5664
2019-07-12 11:44:24,301.2295
2019-07-12 11:44:23,306.3589
2019-07-12 11:44:22,295.7689
2019-07-12 11:44:21,298.0759
2019-07-12 11:44:20,325.6187
2019-07-12 11:44:19,344.5579
2019-07-12 11:44:18,320.2345
2019-07-12 11:44:17,336.727
2019-07-12 11:44:16,382.3767
2019-07-12 11:44:15,336.0749
2019-07-12 11:44:14,390.3316
2019-07-12 11:44:13,452.6278
2019-07-12 11:44:12,326.211
2019-07-12 11:44:11,305.2308
2019-07-12 11:44:10,325.2361
2019-07-12 11:44:09,320.1581
2019-07-12 11:44:08,323.9147
2019-07-12 11:44:07,317.595
2019-07-12 11:44:06,334.7812
2019-07-12 11:44:05,317.5833
2019-07-12 11:44:04,322.501
2019-07-12 11:44:03,296.0889
2019-07-12 11:44:02,303.5998
2019-07-12 11:44:01,305.6175
2019-07-12 11:44:00,295.6181
2019-07-12 11:43:59,297.9646
2019-07-12 11:43:58,297.8151
2019-07-12 11:43:57,304.6703
2019-07-12 11:43:56,325.3934
2019-07-12 11:43:55,303.8465
2019-07-12 11:43:54,292.4041
2019-07-12 11:43:53,295.7566
2019-07-12 11:43:52,292.5051
2019-07-12 11:43:51,294.459
2019-07-12 11:43:50,273.9185
2019-07-12 11:43:49,296.7522
2019-07-12 11:43:48,298.2205
2019-07-12 11:43:47,310.3583
2019-07-12 11:43:46,344.7323
2019-07-12 11:43:45,330.7273
2019-07-12 11:43:44,386.7705
2019-07-12 11:43:43,428.9163
2019-07-12 11:43:42,348.0376
2019-07-12 11:43:41,326.2124
2019-07-12 11:43:40,352.8684
2019-07-12 11:43:39,327.7717
2019-07-12 11:43:38,530.4998
2019-07-12 11:43:37,722.8458
2019-07-12 11:43:36,474.7061
2019-07-12 11:43:35,675.2441
2019-07-12 11:43:34,541.4128
2019-07-12 11:43:33,549.3458
2019-07-12 11:43:32,528.2111
2019-07-12 11:43:31,549.0293
2019-07-12 11:43:30,538.1145
2019-07-12 11:43:29,544.6476
2019-07-12 11:43:28,522.7248
2019-07-12 11:43:27,595.9971
2019-07-12 11:43:26,782.623
2019-07-12 11:43:25,509.3974
2019-07-12 11:43:24,563.4783
2019-07-12 11:43:23,392.4905
2019-07-12 11:43:22,267.5194
2019-07-12 11:43:21,286.892
2019-07-12 11:43:20,316.7435
2019-07-12 11:43:19,334.6266
2019-07-12 11:43:18,326.9932
2019-07-12 11:43:17,341.3957
2019-07-12 11:43:16,388.7636
2019-07-12 11:43:15,337.4376
2019-07-12 11:43:14,396.096
2019-07-12 11:43:13,427.3024
2019-07-12 11:43:12,328.8022
2019-07-12 11:43:11,308.629
2019-07-12 11:43:10,312.9633
2019-07-12 11:43:09,300.1205
2019-07-12 11:43:08,309.0718
2019-07-12 11:43:07,287.4186
2019-07-12 11:43:06,331.2953
2019-07-12 11:43:05,382.3302
2019-07-12 11:43:04,299.4804
2019-07-12 11:43:03,295.2978
2019-07-12 11:43:02,299.1013
2019-07-12 11:43:01,297.0456
2019-07-12 11:43:00,296.5127
2019-07-12 11:42:59,297.8767
2019-07-12 11:42:58,290.1506
2019-07-12 11:42:57,284.9805
2019-07-12 11:42:56,323.018
2019-07-12 11:42:55,358.6749
2019-07-12 11:42:54,292.8731
2019-07-12 11:42:53,302.6304
2019-07-12 11:42:52,309.5623
2019-07-12 11:42:51,287.6057
2019-07-12 11:42:50,291.995
2019-07-12 11:42:49,303.9257
2019-07-12 11:42:48,302.3004
2019-07-12 11:42:47,290.4409
2019-07-12 11:42:46,296.582
2019-07-12 11:42:45,324.518
2019-07-12 11:42:44,411.2547
2019-07-12 11:42:43,447.5899
2019-07-12 11:42:42,328.186
2019-07-12 11:42:41,308.1311
2019-07-12 11:42:40,311.5447
2019-07-12 11:42:39,305.3484
2019-07-12 11:42:38,307.8429
2019-07-12 11:42:37,293.0457
2019-07-12 11:42:36,291.8519
2019-07-12 11:42:35,299.7467
2019-07-12 11:42:34,284.2487
2019-07-12 11:42:33,275.8033
2019-07-12 11:42:32,288.2468
2019-07-12 11:42:31,295.2654
2019-07-12 11:42:30,293.4192
2019-07-12 11:42:29,343.9634
2019-07-12 11:42:28,373.3719
2019-07-12 11:42:27,304.4467
2019-07-12 11:42:26,288.2681
2019-07-12 11:42:25,292.0285
2019-07-12 11:42:24,279.2241
2019-07-12 11:42:23,288.8795
2019-07-12 11:42:22,299.6353
2019-07-12 11:42:21,277.1767
2019-07-12 11:42:20,293.6087
2019-07-12 11:42:19,311.1251
2019-07-12 11:42:18,292.8342
2019-07-12 11:42:17,296.2998
2019-07-12 11:42:16,326.7279
2019-07-12 11:42:15,360.0464
2019-07-12 11:42:14,408.501
2019-07-12 11:42:13,435.4671
2019-07-12 11:42:12,316.8613
2019-07-12 11:42:11,310.5035
2019-07-12 11:42:10,308.2382
2019-07-12 11:42:09,290.4018
2019-07-12 11:42:08,295.6228
2019-07-12 11:42:07,301.3935
2019-07-12 11:42:06,306.2508
2019-07-12 11:42:05,297.8826
2019-07-12 11:42:04,296.8389
2019-07-12 11:42:03,298.6433
2019-07-12 11:42:02,296.7161
2019-07-12 11:42:01,306.6789
2019-07-12 11:42:00,307.8983
2019-07-12 11:41:59,284.5283
2019-07-12 11:41:58,288.5927
2019-07-12 11:41:57,285.7175
2019-07-12 11:41:56,292.2037
2019-07-12 11:41:55,247.9837
2019-07-12 11:41:54,227.8693
2019-07-12 11:41:53,286.2986
2019-07-12 11:41:52,293.758
2019-07-12 11:41:51,309.8181
2019-07-12 11:41:50,316.8287
2019-07-12 11:41:49,308.5208
2019-07-12 11:41:48,305.8504
2019-07-12 11:41:47,306.4585
2019-07-12 11:41:46,327.7855
2019-07-12 11:41:45,354.5108
2019-07-12 11:41:44,384.1079
2019-07-12 11:41:43,373.301
2019-07-12 11:41:42,321.1609
2019-07-12 11:41:41,351.5801
2019-07-12 11:41:40,391.2975
2019-07-12 11:41:39,323.6744
2019-07-12 11:41:38,322.353
2019-07-12 11:41:37,300.6501
2019-07-12 11:41:36,311.2982
2019-07-12 11:41:35,315.8223
2019-07-12 11:41:34,305.9033
2019-07-12 11:41:33,317.9223
2019-07-12 11:41:32,331.0281
2019-07-12 11:41:31,356.1164
2019-07-12 11:41:30,362.3255
2019-07-12 11:41:29,288.2326
2019-07-12 11:41:28,290.9966
2019-07-12 11:41:27,294.1609
2019-07-12 11:41:26,301.3716
2019-07-12 11:41:25,308.0233
2019-07-12 11:41:24,302.8032
2019-07-12 11:41:23,305.1796
2019-07-12 11:41:22,307.3301
2019-07-12 11:41:21,343.5209
2019-07-12 11:41:20,374.3017
2019-07-12 11:41:19,313.5714
2019-07-12 11:41:18,312.5578
2019-07-12 11:41:17,290.8007
2019-07-12 11:41:16,306.8957
2019-07-12 11:41:15,326.3505
2019-07-12 11:41:14,399.4184
2019-07-12 11:41:13,432.0254
2019-07-12 11:41:12,330.84
2019-07-12 11:41:11,328.6017
2019-07-12 11:41:10,332.2621
2019-07-12 11:41:09,290.2158
2019-07-12 11:41:08,314.0388
2019-07-12 11:41:07,299.1614
2019-07-12 11:41:06,298.0061
2019-07-12 11:41:05,289.4858
2019-07-12 11:41:04,282.0519
2019-07-12 11:41:03,280.1677
2019-07-12 11:41:02,294.2228
2019-07-12 11:41:01,302.1503
2019-07-12 11:41:00,313.5592
2019-07-12 11:40:59,296.7751
2019-07-12 11:40:58,281.8574
2019-07-12 11:40:57,290.2145
2019-07-12 11:40:56,299.9347
2019-07-12 11:40:55,279.3129
2019-07-12 11:40:54,273.9257
2019-07-12 11:40:53,290.8708
2019-07-12 11:40:52,295.5447
2019-07-12 11:40:51,342.1103
2019-07-12 11:40:50,367.3269
2019-07-12 11:40:49,296.3184
2019-07-12 11:40:48,299.8987
2019-07-12 11:40:47,307.4186
2019-07-12 11:40:46,319.6805
2019-07-12 11:40:45,333.1429
2019-07-12 11:40:44,416.4498
2019-07-12 11:40:43,445.2171
2019-07-12 11:40:42,325.147
2019-07-12 11:40:41,310.2238
2019-07-12 11:40:40,327.9064
2019-07-12 11:40:39,329.0899
2019-07-12 11:40:38,317.0885
2019-07-12 11:40:37,291.0546
2019-07-12 11:40:36,355.8429
2019-07-12 11:40:35,362.2859
2019-07-12 11:40:34,289.2132
2019-07-12 11:40:33,292.5977
2019-07-12 11:40:32,290.1969
2019-07-12 11:40:31,294.7221
2019-07-12 11:40:30,306.5413
2019-07-12 11:40:29,305.4303
2019-07-12 11:40:28,303.7032
2019-07-12 11:40:27,290.4151
2019-07-12 11:40:26,284.6721
2019-07-12 11:40:25,304.1733
2019-07-12 11:40:24,337.6826
2019-07-12 11:40:23,339.8167
2019-07-12 11:40:22,273.5878
2019-07-12 11:40:21,288.1015
2019-07-12 11:40:20,312.3446
2019-07-12 11:40:19,309.9786
2019-07-12 11:40:18,299.0784
2019-07-12 11:40:17,282.4205
2019-07-12 11:40:16,309.9324
2019-07-12 11:40:15,342.9395
2019-07-12 11:40:14,443.5661
2019-07-12 11:40:13,498.3168
2019-07-12 11:40:12,317.9733
2019-07-12 11:40:11,306.4585
2019-07-12 11:40:10,324.5874
2019-07-12 11:40:09,305.6219
2019-07-12 11:40:08,310.9697
2019-07-12 11:40:07,291.1405
2019-07-12 11:40:06,283.1161
2019-07-12 11:40:05,303.2323
2019-07-12 11:40:04,304.6329
2019-07-12 11:40:03,337.2537
2019-07-12 11:40:02,359.8969
2019-07-12 11:40:01,299.9234
2019-07-12 11:40:00,293.5296
2019-07-12 11:39:59,300.6858
2019-07-12 11:39:58,295.5961
2019-07-12 11:39:57,294.9242
2019-07-12 11:39:56,298.2653
2019-07-12 11:39:55,317.0051
2019-07-12 11:39:54,326.3799
2019-07-12 11:39:53,325.2984
2019-07-12 11:39:52,323.5759
2019-07-12 11:39:51,290.917
2019-07-12 11:39:50,313.5158
2019-07-12 11:39:49,331.6555
2019-07-12 11:39:48,307.2864
2019-07-12 11:39:47,293.4339
2019-07-12 11:39:46,317.8498
2019-07-12 11:39:45,345.4193
2019-07-12 11:39:44,372.2008
2019-07-12 11:39:43,369.3901
2019-07-12 11:39:42,331.0381
2019-07-12 11:39:41,343.3627
2019-07-12 11:39:40,355.618
2019-07-12 11:39:39,313.2203
2019-07-12 11:39:38,309.4475
2019-07-12 11:39:37,290.7395
2019-07-12 11:39:36,299.2823
2019-07-12 11:39:35,292.3535
2019-07-12 11:39:34,275.7743
2019-07-12 11:39:33,302.2649
2019-07-12 11:39:32,312.1407
2019-07-12 11:39:31,353.9191
2019-07-12 11:39:30,354.4787
2019-07-12 11:39:29,286.8632
2019-07-12 11:39:28,302.7644
2019-07-12 11:39:27,307.1194
2019-07-12 11:39:26,298.0419
2019-07-12 11:39:25,298.5385
2019-07-12 11:39:24,300.1495
2019-07-12 11:39:23,291.3622
2019-07-12 11:39:22,300.3942
2019-07-12 11:39:21,340.5352
2019-07-12 11:39:20,343.4656
2019-07-12 11:39:19,319.5929
2019-07-12 11:39:18,300.4744
2019-07-12 11:39:17,291.2082
2019-07-12 11:39:16,316.0441
2019-07-12 11:39:15,325.5034
2019-07-12 11:39:14,388.8978
2019-07-12 11:39:13,422.4261
2019-07-12 11:39:12,358.1363
2019-07-12 11:39:11,366.0098
2019-07-12 11:39:10,360.2477
2019-07-12 11:39:09,317.4071
2019-07-12 11:39:08,323.68
2019-07-12 11:39:07,323.5351
2019-07-12 11:39:06,318.5744
2019-07-12 11:39:05,321.7861
2019-07-12 11:39:04,320.0409
2019-07-12 11:39:03,300.1789
2019-07-12 11:39:02,299.834
2019-07-12 11:39:01,372.6559
2019-07-12 11:39:00,372.9154
2019-07-12 11:38:59,288.2358
2019-07-12 11:38:58,295.1833
2019-07-12 11:38:57,309.5861
2019-07-12 11:38:56,303.0292
2019-07-12 11:38:55,295.3579
2019-07-12 11:38:54,296.8256
2019-07-12 11:38:53,305.3677
2019-07-12 11:38:52,306.9382
2019-07-12 11:38:51,295.3659
2019-07-12 11:38:50,289.6842
2019-07-12 11:38:49,362.3871
2019-07-12 11:38:48,383.2472
2019-07-12 11:38:47,317.4978
2019-07-12 11:38:46,310.8138
2019-07-12 11:38:45,329.5874
2019-07-12 11:38:44,375.6996
2019-07-12 11:38:43,372.2646
2019-07-12 11:38:42,317.1644
2019-07-12 11:38:41,320.2135
2019-07-12 11:38:40,321.2842
2019-07-12 11:38:39,353.5726
2019-07-12 11:38:38,341.3462
2019-07-12 11:38:37,296.6056
2019-07-12 11:38:36,310.8242
2019-07-12 11:38:35,296.0558
2019-07-12 11:38:34,311.2666
2019-07-12 11:38:33,317.5081
2019-07-12 11:38:32,307.5246
2019-07-12 11:38:31,304.1256
2019-07-12 11:38:30,305.4575
2019-07-12 11:38:29,314.4095
2019-07-12 11:38:28,320.2522
2019-07-12 11:38:27,346.3105
2019-07-12 11:38:26,345.0389
2019-07-12 11:38:25,310.3068
2019-07-12 11:38:24,296.8954
2019-07-12 11:38:23,290.9265
2019-07-12 11:38:22,300.4365
2019-07-12 11:38:21,302.5362
2019-07-12 11:38:20,303.6384
2019-07-12 11:38:19,326.6473
2019-07-12 11:38:18,312.5142
2019-07-12 11:38:17,282.5176
2019-07-12 11:38:16,286.6184
2019-07-12 11:38:15,320.9405
2019-07-12 11:38:14,414.7927
2019-07-12 11:38:13,407.1572
2019-07-12 11:38:12,307.6003
2019-07-12 11:38:11,300.8197
2019-07-12 11:38:10,298.7431
2019-07-12 11:38:09,355.282
2019-07-12 11:38:08,355.6898
2019-07-12 11:38:07,282.7346
2019-07-12 11:38:06,295.6352
2019-07-12 11:38:05,310.465
2019-07-12 11:38:04,290.9184
2019-07-12 11:38:03,272.8247
2019-07-12 11:38:02,277.1119
2019-07-12 11:38:01,281.4803
2019-07-12 11:38:00,281.5918
2019-07-12 11:37:59,351.6442
2019-07-12 11:37:58,362.4353
2019-07-12 11:37:57,310.8934
2019-07-12 11:37:56,308.001
2019-07-12 11:37:55,297.0816
2019-07-12 11:37:54,273.9971
2019-07-12 11:37:53,279.141
2019-07-12 11:37:52,289.7787
2019-07-12 11:37:51,288.6367
2019-07-12 11:37:50,301.7321
2019-07-12 11:37:49,328.0377
2019-07-12 11:37:48,316.1284
2019-07-12 11:37:47,289.4428
2019-07-12 11:37:46,308.138
2019-07-12 11:37:45,344.3174
2019-07-12 11:37:44,372.6882
2019-07-12 11:37:43,367.2423
2019-07-12 11:37:42,328.7471
2019-07-12 11:37:41,326.8704
2019-07-12 11:37:40,323.342
2019-07-12 11:37:39,321.6566
2019-07-12 11:37:38,312.7962
2019-07-12 11:37:37,307.6179
2019-07-12 11:37:36,307.3464
2019-07-12 11:37:35,292.9149
2019-07-12 11:37:34,294.0185
2019-07-12 11:37:33,299.5116
2019-07-12 11:37:32,309.4526
2019-07-12 11:37:31,298.9621
2019-07-12 11:37:30,302.4193
2019-07-12 11:37:29,324.7213
2019-07-12 11:37:28,319.8044
2019-07-12 11:37:27,361.4031
2019-07-12 11:37:26,341.0726
2019-07-12 11:37:25,292.1033
2019-07-12 11:37:24,297.0665
2019-07-12 11:37:23,298.6242
2019-07-12 11:37:22,297.7148
2019-07-12 11:37:21,294.3048
2019-07-12 11:37:20,299.79
2019-07-12 11:37:19,359.3445
2019-07-12 11:37:18,347.7684
2019-07-12 11:37:17,374.7048
2019-07-12 11:37:16,382.0747
2019-07-12 11:37:15,353.1779
2019-07-12 11:37:14,420.8758
2019-07-12 11:37:13,410.0667
2019-07-12 11:37:12,319.2526
2019-07-12 11:37:11,306.8772
2019-07-12 11:37:10,306.1106
2019-07-12 11:37:09,307.9066
2019-07-12 11:37:08,301.655
2019-07-12 11:37:07,303.3082
2019-07-12 11:37:06,293.6385
2019-07-12 11:37:05,287.5147
2019-07-12 11:37:04,293.7584
2019-07-12 11:37:03,279.7543
2019-07-12 11:37:02,274.8903
2019-07-12 11:37:01,283.0781
2019-07-12 11:37:00,274.3171
2019-07-12 11:36:59,269.5119
2019-07-12 11:36:58,265.7002
2019-07-12 11:36:57,328.2326
2019-07-12 11:36:56,347.4695
2019-07-12 11:36:55,310.0612
2019-07-12 11:36:54,299.0461
2019-07-12 11:36:53,292.2902
2019-07-12 11:36:52,286.4738
2019-07-12 11:36:51,284.9944
2019-07-12 11:36:50,304.2478
2019-07-12 11:36:49,298.2564
2019-07-12 11:36:48,283.0069
2019-07-12 11:36:47,303.3263
2019-07-12 11:36:46,320.7857
2019-07-12 11:36:45,325.3877
2019-07-12 11:36:44,409.1977
2019-07-12 11:36:43,394.2963
2019-07-12 11:36:42,297.0017
2019-07-12 11:36:41,299.7875
2019-07-12 11:36:40,323.6204
2019-07-12 11:36:39,318.5427
2019-07-12 11:36:38,297.2247
2019-07-12 11:36:37,310.5177
2019-07-12 11:36:36,299.0934
2019-07-12 11:36:35,291.996
2019-07-12 11:36:34,291.8702
2019-07-12 11:36:33,302.747
2019-07-12 11:36:32,294.4025
2019-07-12 11:36:31,283.4437
2019-07-12 11:36:30,288.6093
2019-07-12 11:36:29,285.5852
2019-07-12 11:36:28,287.3769
2019-07-12 11:36:27,403.6052
2019-07-12 11:36:26,377.5714
2019-07-12 11:36:25,289.5821
2019-07-12 11:36:24,286.6343
2019-07-12 11:36:23,294.5847
2019-07-12 11:36:22,295.7934
2019-07-12 11:36:21,300.846
2019-07-12 11:36:20,319.8172
2019-07-12 11:36:19,339.297
2019-07-12 11:36:18,332.2097
2019-07-12 11:36:17,374.817
2019-07-12 11:36:16,352.5974
2019-07-12 11:36:15,329.6782
2019-07-12 11:36:14,437.878
2019-07-12 11:36:13,411.2251
2019-07-12 11:36:12,320.6163
2019-07-12 11:36:11,337.7214
2019-07-12 11:36:10,312.803
2019-07-12 11:36:09,308.033
2019-07-12 11:36:08,307.6678
2019-07-12 11:36:07,297.7508
2019-07-12 11:36:06,357.7767
2019-07-12 11:36:05,327.7465
2019-07-12 11:36:04,292.0452
2019-07-12 11:36:03,288.1225
2019-07-12 11:36:02,306.7766
2019-07-12 11:36:01,315.2257
2019-07-12 11:36:00,313.1711
2019-07-12 11:35:59,302.0609
2019-07-12 11:35:58,303.4282
2019-07-12 11:35:57,309.6512
2019-07-12 11:35:56,398.3596
2019-07-12 11:35:55,356.6069
2019-07-12 11:35:54,299.198
2019-07-12 11:35:53,313.2385
2019-07-12 11:35:52,318.184
2019-07-12 11:35:51,312.8033
2019-07-12 11:35:50,320.7966
2019-07-12 11:35:49,304.5918
2019-07-12 11:35:48,313.2855
2019-07-12 11:35:47,311.8649
2019-07-12 11:35:46,360.8266
2019-07-12 11:35:45,373.3682
2019-07-12 11:35:44,397.0186
2019-07-12 11:35:43,380.0123
2019-07-12 11:35:42,331.7091
2019-07-12 11:35:41,337.8214
2019-07-12 11:35:40,336.0857
2019-07-12 11:35:39,314.8299
2019-07-12 11:35:38,296.6485
2019-07-12 11:35:37,308.8641
2019-07-12 11:35:36,345.6725
2019-07-12 11:35:35,316.8867
2019-07-12 11:35:34,318.0992
2019-07-12 11:35:33,321.1225
2019-07-12 11:35:32,336.5713
2019-07-12 11:35:31,317.2791
2019-07-12 11:35:30,314.6713
2019-07-12 11:35:29,297.0996
2019-07-12 11:35:28,297.3788
2019-07-12 11:35:27,296.7947
2019-07-12 11:35:26,312.9308
2019-07-12 11:35:25,329.9975
2019-07-12 11:35:24,408.9564
2019-07-12 11:35:23,358.9139
2019-07-12 11:35:22,289.0604
2019-07-12 11:35:21,304.485
2019-07-12 11:35:20,286.5818
2019-07-12 11:35:19,303.1509
2019-07-12 11:35:18,300.044
2019-07-12 11:35:17,309.1411
2019-07-12 11:35:16,320.048
2019-07-12 11:35:15,351.9533
2019-07-12 11:35:14,464.4833
2019-07-12 11:35:13,413.7484
2019-07-12 11:35:12,321.2158
2019-07-12 11:35:11,313.7359
2019-07-12 11:35:10,313.274
2019-07-12 11:35:09,299.699
2019-07-12 11:35:08,294.1947
2019-07-12 11:35:07,289.3662
2019-07-12 11:35:06,297.8861
2019-07-12 11:35:05,309.9811
2019-07-12 11:35:04,294.5456
2019-07-12 11:35:03,292.7752
2019-07-12 11:35:02,295.6502
2019-07-12 11:35:01,285.3716
2019-07-12 11:35:00,277.1956
2019-07-12 11:34:59,283.2337
2019-07-12 11:34:58,290.2126
2019-07-12 11:34:57,350.2773
2019-07-12 11:34:56,324.0981
2019-07-12 11:34:55,284.9814
2019-07-12 11:34:54,306.3756
2019-07-12 11:34:53,297.4914
2019-07-12 11:34:52,283.7314
2019-07-12 11:34:51,283.3057
2019-07-12 11:34:50,280.7998
2019-07-12 11:34:49,300.8843
2019-07-12 11:34:48,292.0555
2019-07-12 11:34:47,308.899
2019-07-12 11:34:46,332.1587
2019-07-12 11:34:45,326.875
2019-07-12 11:34:44,423.2275
2019-07-12 11:34:43,391.7551
2019-07-12 11:34:42,305.5687
2019-07-12 11:34:41,311.7332
2019-07-12 11:34:40,306.8022
2019-07-12 11:34:39,325.8159
2019-07-12 11:34:38,301.2087
2019-07-12 11:34:37,296.0423
2019-07-12 11:34:36,286.9267
2019-07-12 11:34:35,286.8094
2019-07-12 11:34:34,275.1773
2019-07-12 11:34:33,277.1521
2019-07-12 11:34:32,273.6574
2019-07-12 11:34:31,282.0062
2019-07-12 11:34:30,308.6631
2019-07-12 11:34:29,315.609
2019-07-12 11:34:28,307.9464
2019-07-12 11:34:27,311.1682
2019-07-12 11:34:26,311.6603
2019-07-12 11:34:25,298.502
2019-07-12 11:34:24,300.7878
2019-07-12 11:34:23,288.9829
2019-07-12 11:34:22,305.1623
2019-07-12 11:34:21,318.1703
2019-07-12 11:34:20,308.2784
2019-07-12 11:34:19,302.5173
2019-07-12 11:34:18,459.5873
2019-07-12 11:34:17,448.392
2019-07-12 11:34:16,346.9929
2019-07-12 11:34:15,336.3367
2019-07-12 11:34:14,439.3721
2019-07-12 11:34:13,408.4471
2019-07-12 11:34:12,321.3516
2019-07-12 11:34:11,319.8861
2019-07-12 11:34:10,301.8301
2019-07-12 11:34:09,317.2178
2019-07-12 11:34:08,311.8465
2019-07-12 11:34:07,386.3308
2019-07-12 11:34:06,350.0698
2019-07-12 11:34:05,306.4544
2019-07-12 11:34:04,287.0537
2019-07-12 11:34:03,291.9764
2019-07-12 11:34:02,292.1982
2019-07-12 11:34:01,290.8242
2019-07-12 11:34:00,299.4325
2019-07-12 11:33:59,303.809
2019-07-12 11:33:58,304.4983
2019-07-12 11:33:57,303.3049
2019-07-12 11:33:56,340.5484
2019-07-12 11:33:55,331.921
2019-07-12 11:33:54,411.7452
2019-07-12 11:33:53,362.4847
2019-07-12 11:33:52,306.4208
2019-07-12 11:33:51,300.8641
2019-07-12 11:33:50,311.6989
2019-07-12 11:33:49,307.5968
2019-07-12 11:33:48,428.3832
2019-07-12 11:33:47,437.8306
2019-07-12 11:33:46,468.5121
2019-07-12 11:33:45,381.5542
2019-07-12 11:33:44,410.3526
2019-07-12 11:33:43,385.3382
2019-07-12 11:33:42,331.0351
2019-07-12 11:33:41,329.6766
2019-07-12 11:33:40,308.2368
2019-07-12 11:33:39,317.563
2019-07-12 11:33:38,301.2819
2019-07-12 11:33:37,282.6842
2019-07-12 11:33:36,299.4265
2019-07-12 11:33:35,506.367
2019-07-12 11:33:34,485.128
2019-07-12 11:33:33,451.6474
2019-07-12 11:33:32,435.9101
2019-07-12 11:33:31,501.3107
2019-07-12 11:33:30,662.2118
2019-07-12 11:33:29,626.2958
2019-07-12 11:33:28,689.0963
2019-07-12 11:33:27,718.7494
2019-07-12 11:33:26,582.1333
2019-07-12 11:33:25,644.4218
2019-07-12 11:33:24,629.4756
2019-07-12 11:33:23,367.5329
2019-07-12 11:33:22,275.879
2019-07-12 11:33:21,288.9833
2019-07-12 11:33:20,416.6526
2019-07-12 11:33:19,564.3148
2019-07-12 11:33:18,626.3017
2019-07-12 11:33:17,636.2385
2019-07-12 11:33:16,460.4618
2019-07-12 11:33:15,423.2154
2019-07-12 11:33:14,574.2416
2019-07-12 11:33:13,544.2168
2019-07-12 11:33:12,475.3962
2019-07-12 11:33:11,610.5676
2019-07-12 11:33:10,552.8723
2019-07-12 11:33:09,437.021
2019-07-12 11:33:08,321.0467
2019-07-12 11:33:07,300.6771
2019-07-12 11:33:06,305.3346
2019-07-12 11:33:05,301.3172
2019-07-12 11:33:04,366.6565
2019-07-12 11:33:03,330.6658
2019-07-12 11:33:02,299.3012
2019-07-12 11:33:01,274.0218
2019-07-12 11:33:00,329.9037
2019-07-12 11:32:59,295.1677
2019-07-12 11:32:58,398.8401
2019-07-12 11:32:57,321.4548
2019-07-12 11:32:56,399.7525
2019-07-12 11:32:55,437.443
2019-07-12 11:32:54,665.7899
2019-07-12 11:32:53,729.4755
2019-07-12 11:32:52,614.7571
2019-07-12 11:32:51,685.8612
2019-07-12 11:32:50,502.6431
2019-07-12 11:32:49,544.0291
2019-07-12 11:32:48,635.6949
2019-07-12 11:32:47,683.7122
2019-07-12 11:32:46,635.0638
2019-07-12 11:32:45,586.5716
2019-07-12 11:32:44,781.0633
2019-07-12 11:32:43,593.8631
2019-07-12 11:32:42,458.62
2019-07-12 11:32:41,505.047
2019-07-12 11:32:40,673.7892
2019-07-12 11:32:39,783.7845
2019-07-12 11:32:38,692.4501
2019-07-12 11:32:37,476.2266
2019-07-12 11:32:36,413.8417
2019-07-12 11:32:35,407.278
2019-07-12 11:32:34,473.277
2019-07-12 11:32:33,741.636
2019-07-12 11:32:32,791.9913
2019-07-12 11:32:31,568.1158
2019-07-12 11:32:30,583.6839
2019-07-12 11:32:29,676.2274
2019-07-12 11:32:28,679.7409
2019-07-12 11:32:27,713.1872
2019-07-12 11:32:26,747.7826
2019-07-12 11:32:25,760.8335
2019-07-12 11:32:24,588.7786
2019-07-12 11:32:23,679.1867
2019-07-12 11:32:22,807.6693
2019-07-12 11:32:21,432.587
2019-07-12 11:32:20,309.4606
2019-07-12 11:32:19,300.918
2019-07-12 11:32:18,306.1571
2019-07-12 11:32:17,293.9634
2019-07-12 11:32:16,301.0052
2019-07-12 11:32:15,327.779
2019-07-12 11:32:14,374.5416
2019-07-12 11:32:13,412.8114
2019-07-12 11:32:12,288.1095
2019-07-12 11:32:11,295.5358
2019-07-12 11:32:10,293.3847
2019-07-12 11:32:09,270.3761
2019-07-12 11:32:08,390.1358
2019-07-12 11:32:07,527.007
2019-07-12 11:32:06,676.593
2019-07-12 11:32:05,600.5599
2019-07-12 11:32:04,453.861
2019-07-12 11:32:03,618.5643
2019-07-12 11:32:02,382.3644
2019-07-12 11:32:01,295.521
2019-07-12 11:32:00,289.3087
2019-07-12 11:31:59,316.6302
2019-07-12 11:31:58,298.3345
2019-07-12 11:31:57,304.744
2019-07-12 11:31:56,303.3579
2019-07-12 11:31:55,297.7458
2019-07-12 11:31:54,323.6479
2019-07-12 11:31:53,344.6158
2019-07-12 11:31:52,354.2502
2019-07-12 11:31:51,318.4777
2019-07-12 11:31:50,306.2218
2019-07-12 11:31:49,306.7133
2019-07-12 11:31:48,327.3338
2019-07-12 11:31:47,524.9627
2019-07-12 11:31:46,402.5107
2019-07-12 11:31:45,459.9873
2019-07-12 11:31:44,427.1948
2019-07-12 11:31:43,563.2351
2019-07-12 11:31:42,504.4998
2019-07-12 11:31:41,557.6919
2019-07-12 11:31:40,816.2451
2019-07-12 11:31:39,624.7224
2019-07-12 11:31:38,512.449
2019-07-12 11:31:37,525.6794
2019-07-12 11:31:36,465.514
2019-07-12 11:31:35,541.5959
2019-07-12 11:31:34,694.5772
2019-07-12 11:31:33,686.4891
2019-07-12 11:31:32,609.6265
2019-07-12 11:31:31,488.6726
2019-07-12 11:31:30,338.3588
2019-07-12 11:31:29,297.5888
2019-07-12 11:31:28,322.6872
2019-07-12 11:31:27,325.8253
2019-07-12 11:31:26,337.489
2019-07-12 11:31:25,320.786
2019-07-12 11:31:24,307.8391
2019-07-12 11:31:23,402.1949
2019-07-12 11:31:22,544.1137
2019-07-12 11:31:21,673.5361
2019-07-12 11:31:20,491.2344
2019-07-12 11:31:19,469.4205
2019-07-12 11:31:18,458.6313
2019-07-12 11:31:17,431.5225
2019-07-12 11:31:16,463.7789
2019-07-12 11:31:15,455.4646
2019-07-12 11:31:14,573.1518
2019-07-12 11:31:13,518.4409
2019-07-12 11:31:12,465.3428
2019-07-12 11:31:11,522.4727
2019-07-12 11:31:10,540.7947
2019-07-12 11:31:09,457.2732
2019-07-12 11:31:08,466.7774
2019-07-12 11:31:07,429.1426
2019-07-12 11:31:06,561.9798
2019-07-12 11:31:05,557.0229
2019-07-12 11:31:04,554.4187
2019-07-12 11:31:03,543.6293
2019-07-12 11:31:02,568.089
2019-07-12 11:31:01,622.6541
2019-07-12 11:31:00,634.7771
2019-07-12 11:30:59,590.2521
2019-07-12 11:30:58,622.3799
2019-07-12 11:30:57,578.6629
2019-07-12 11:30:56,781.8717
2019-07-12 11:30:55,411.5821
2019-07-12 11:30:54,481.2473
2019-07-12 11:30:53,382.6944
2019-07-12 11:30:52,299.4258
2019-07-12 11:30:51,290.0903
2019-07-12 11:30:50,306.902
2019-07-12 11:30:49,288.3266
2019-07-12 11:30:48,290.0527
2019-07-12 11:30:47,302.2402
2019-07-12 11:30:46,322.664
2019-07-12 11:30:45,375.1745
2019-07-12 11:30:44,474.5318
2019-07-12 11:30:43,414.6258
2019-07-12 11:30:42,315.5311
2019-07-12 11:30:41,328.5666
2019-07-12 11:30:40,513.5503
2019-07-12 11:30:39,710.1019
2019-07-12 11:30:38,377.6022
2019-07-12 11:30:37,260.7175
2019-07-12 11:30:36,301.3648
2019-07-12 11:30:35,297.9304
2019-07-12 11:30:34,307.1853
2019-07-12 11:30:33,414.4054
2019-07-12 11:30:32,336.9375
2019-07-12 11:30:31,312.3514
2019-07-12 11:30:30,303.9407
2019-07-12 11:30:29,341.1266
2019-07-12 11:30:28,330.5348
2019-07-12 11:30:27,326.8571
2019-07-12 11:30:26,308.0356
2019-07-12 11:30:25,301.4197
2019-07-12 11:30:24,306.5452
2019-07-12 11:30:23,377.9277
2019-07-12 11:30:22,303.9823
2019-07-12 11:30:21,313.2936
2019-07-12 11:30:20,283.3299
2019-07-12 11:30:19,305.4054
2019-07-12 11:30:18,289.3911
2019-07-12 11:30:17,291.8003
2019-07-12 11:30:16,317.2308
2019-07-12 11:30:15,351.0216
2019-07-12 11:30:14,474.7146
2019-07-12 11:30:13,403.2277
2019-07-12 11:30:12,289.5516
2019-07-12 11:30:11,319.3463
2019-07-12 11:30:10,295.7612
2019-07-12 11:30:09,316.3757
2019-07-12 11:30:08,311.3116
2019-07-12 11:30:07,329.4637
2019-07-12 11:30:06,295.6023
2019-07-12 11:30:05,292.9581
2019-07-12 11:30:04,286.1139
2019-07-12 11:30:03,284.0962
2019-07-12 11:30:02,377.7487
2019-07-12 11:30:01,359.4096
2019-07-12 11:30:00,304.4619
2019-07-12 11:29:59,331.556
2019-07-12 11:29:58,288.057
2019-07-12 11:29:57,300.1677
2019-07-12 11:29:56,308.8975
2019-07-12 11:29:55,310.1
2019-07-12 11:29:54,304.0206
2019-07-12 11:29:53,294.4516
2019-07-12 11:29:52,317.0482
2019-07-12 11:29:51,305.1561
2019-07-12 11:29:50,335.9382
2019-07-12 11:29:49,336.5556
2019-07-12 11:29:48,321.9822
2019-07-12 11:29:47,298.1743
2019-07-12 11:29:46,429.2685
2019-07-12 11:29:45,704.7375
2019-07-12 11:29:44,463.919
2019-07-12 11:29:43,376.5518
2019-07-12 11:29:42,321.1687
2019-07-12 11:29:41,332.6005
2019-07-12 11:29:40,327.4834
2019-07-12 11:29:39,330.0567
2019-07-12 11:29:38,303.5412
2019-07-12 11:29:37,295.4082
2019-07-12 11:29:36,412.6405
2019-07-12 11:29:35,314.3757
2019-07-12 11:29:34,290.6347
2019-07-12 11:29:33,285.9989
2019-07-12 11:29:32,294.742
2019-07-12 11:29:31,287.9423
2019-07-12 11:29:30,287.7047
2019-07-12 11:29:29,305.1549
2019-07-12 11:29:28,314.5252
2019-07-12 11:29:27,303.6087
2019-07-12 11:29:26,343.5432
2019-07-12 11:29:25,509.1025
2019-07-12 11:29:24,513.7592
2019-07-12 11:29:23,431.1617
2019-07-12 11:29:22,413.3543
2019-07-12 11:29:21,462.6998
2019-07-12 11:29:20,532.7546
2019-07-12 11:29:19,462.9488
2019-07-12 11:29:18,497.5698
2019-07-12 11:29:17,613.7933
2019-07-12 11:29:16,632.999
2019-07-12 11:29:15,622.5736
2019-07-12 11:29:14,659.8898
2019-07-12 11:29:13,536.4238
2019-07-12 11:29:12,484.5529
2019-07-12 11:29:11,651.4672
2019-07-12 11:29:10,462.0554
2019-07-12 11:29:09,523.0536
2019-07-12 11:29:08,474.2021
2019-07-12 11:29:07,526.6984
2019-07-12 11:29:06,504.0187
2019-07-12 11:29:05,502.9282
2019-07-12 11:29:04,476.5133
2019-07-12 11:29:03,406.2661
2019-07-12 11:29:02,543.3731
2019-07-12 11:29:01,495.577
2019-07-12 11:29:00,456.7465
2019-07-12 11:28:59,526.5364
2019-07-12 11:28:58,524.4918
2019-07-12 11:28:57,490.3094
2019-07-12 11:28:56,676.2342
2019-07-12 11:28:55,542.2426
2019-07-12 11:28:54,408.6514
2019-07-12 11:28:53,516.4981
2019-07-12 11:28:52,558.2925
2019-07-12 11:28:51,323.7555
2019-07-12 11:28:50,291.6952
2019-07-12 11:28:49,325.0457
2019-07-12 11:28:48,564.4639
2019-07-12 11:28:47,549.422
2019-07-12 11:28:46,849.2449
2019-07-12 11:28:45,1523.913
2019-07-12 11:28:44,3655.8
2019-07-12 11:28:43,5342.054
2019-07-12 11:28:42,3664.259
2019-07-12 11:28:41,4547.323
