time,running,blocked
2019-07-12 11:48:25,4,0
2019-07-12 11:48:24,3,0
2019-07-12 11:48:23,4,0
2019-07-12 11:48:22,3,0
2019-07-12 11:48:21,5,0
2019-07-12 11:48:20,4,0
2019-07-12 11:48:19,3,0
2019-07-12 11:48:18,5,0
2019-07-12 11:48:17,4,0
2019-07-12 11:48:16,3,0
2019-07-12 11:48:15,4,0
2019-07-12 11:48:14,4,0
2019-07-12 11:48:13,4,0
2019-07-12 11:48:12,5,0
2019-07-12 11:48:11,5,0
2019-07-12 11:48:10,3,0
2019-07-12 11:48:09,4,0
2019-07-12 11:48:08,3,0
2019-07-12 11:48:07,3,0
2019-07-12 11:48:06,4,0
2019-07-12 11:48:05,2,0
2019-07-12 11:48:04,4,0
2019-07-12 11:48:03,3,0
2019-07-12 11:48:02,3,0
2019-07-12 11:48:01,4,0
2019-07-12 11:48:00,4,0
2019-07-12 11:47:59,4,0
2019-07-12 11:47:58,3,0
2019-07-12 11:47:57,4,0
2019-07-12 11:47:56,3,0
2019-07-12 11:47:55,4,0
2019-07-12 11:47:54,3,0
2019-07-12 11:47:53,5,0
2019-07-12 11:47:52,5,0
2019-07-12 11:47:51,3,0
2019-07-12 11:47:50,3,0
2019-07-12 11:47:49,4,0
2019-07-12 11:47:48,3,0
2019-07-12 11:47:47,3,0
2019-07-12 11:47:46,6,0
2019-07-12 11:47:45,3,0
2019-07-12 11:47:44,5,0
2019-07-12 11:47:43,2,0
2019-07-12 11:47:42,3,0
2019-07-12 11:47:41,5,0
2019-07-12 11:47:40,3,0
2019-07-12 11:47:39,4,0
2019-07-12 11:47:38,4,0
2019-07-12 11:47:37,3,0
2019-07-12 11:47:36,4,0
2019-07-12 11:47:35,2,0
2019-07-12 11:47:34,4,0
2019-07-12 11:47:33,5,0
2019-07-12 11:47:32,5,0
2019-07-12 11:47:31,6,0
2019-07-12 11:47:30,2,0
2019-07-12 11:47:29,5,0
2019-07-12 11:47:28,5,0
2019-07-12 11:47:27,5,0
2019-07-12 11:47:26,3,0
2019-07-12 11:47:25,4,0
2019-07-12 11:47:24,4,0
2019-07-12 11:47:23,2,0
2019-07-12 11:47:22,4,0
2019-07-12 11:47:21,4,0
2019-07-12 11:47:20,5,0
2019-07-12 11:47:19,3,0
2019-07-12 11:47:18,3,0
2019-07-12 11:47:17,3,0
2019-07-12 11:47:16,4,0
2019-07-12 11:47:15,5,0
2019-07-12 11:47:14,4,0
2019-07-12 11:47:13,4,0
2019-07-12 11:47:12,5,0
2019-07-12 11:47:11,4,0
2019-07-12 11:47:10,3,0
2019-07-12 11:47:09,4,0
2019-07-12 11:47:08,4,0
2019-07-12 11:47:07,2,0
2019-07-12 11:47:06,4,0
2019-07-12 11:47:05,4,0
2019-07-12 11:47:04,4,0
2019-07-12 11:47:03,5,0
2019-07-12 11:47:02,3,0
2019-07-12 11:47:01,5,0
2019-07-12 11:47:00,3,0
2019-07-12 11:46:59,3,0
2019-07-12 11:46:58,3,0
2019-07-12 11:46:57,2,0
2019-07-12 11:46:56,2,0
2019-07-12 11:46:55,5,0
2019-07-12 11:46:54,4,0
2019-07-12 11:46:53,4,0
2019-07-12 11:46:52,3,0
2019-07-12 11:46:51,3,0
2019-07-12 11:46:50,4,0
2019-07-12 11:46:49,5,0
2019-07-12 11:46:48,6,0
2019-07-12 11:46:47,3,0
2019-07-12 11:46:46,3,0
2019-07-12 11:46:45,5,0
2019-07-12 11:46:44,8,0
2019-07-12 11:46:43,2,0
2019-07-12 11:46:42,3,0
2019-07-12 11:46:41,4,0
2019-07-12 11:46:40,5,0
2019-07-12 11:46:39,3,0
2019-07-12 11:46:38,4,0
2019-07-12 11:46:37,3,0
2019-07-12 11:46:36,3,0
2019-07-12 11:46:35,4,0
2019-07-12 11:46:34,4,0
2019-07-12 11:46:33,3,0
2019-07-12 11:46:32,5,0
2019-07-12 11:46:31,3,0
2019-07-12 11:46:30,5,0
2019-07-12 11:46:29,3,0
2019-07-12 11:46:28,4,0
2019-07-12 11:46:27,4,0
2019-07-12 11:46:26,3,0
2019-07-12 11:46:25,5,0
2019-07-12 11:46:24,3,0
2019-07-12 11:46:23,4,0
2019-07-12 11:46:22,3,0
2019-07-12 11:46:21,3,0
2019-07-12 11:46:20,4,0
2019-07-12 11:46:19,4,0
2019-07-12 11:46:18,3,0
2019-07-12 11:46:17,5,0
2019-07-12 11:46:16,4,0
2019-07-12 11:46:15,4,0
2019-07-12 11:46:14,4,0
2019-07-12 11:46:13,6,0
2019-07-12 11:46:12,4,0
2019-07-12 11:46:11,5,0
2019-07-12 11:46:10,4,0
2019-07-12 11:46:09,4,0
2019-07-12 11:46:08,4,0
2019-07-12 11:46:07,3,0
2019-07-12 11:46:06,5,0
2019-07-12 11:46:05,4,0
2019-07-12 11:46:04,10,0
2019-07-12 11:46:03,5,0
2019-07-12 11:46:02,5,0
2019-07-12 11:46:01,4,0
2019-07-12 11:46:00,5,0
2019-07-12 11:45:59,3,0
2019-07-12 11:45:58,5,0
2019-07-12 11:45:57,2,0
2019-07-12 11:45:56,5,0
2019-07-12 11:45:55,4,0
2019-07-12 11:45:54,5,0
2019-07-12 11:45:53,3,0
2019-07-12 11:45:52,5,0
2019-07-12 11:45:51,2,0
2019-07-12 11:45:50,4,0
2019-07-12 11:45:49,5,0
2019-07-12 11:45:48,4,0
2019-07-12 11:45:47,5,0
2019-07-12 11:45:46,3,0
2019-07-12 11:45:45,4,0
2019-07-12 11:45:44,5,0
2019-07-12 11:45:43,3,0
2019-07-12 11:45:42,3,0
2019-07-12 11:45:41,5,0
2019-07-12 11:45:40,2,0
2019-07-12 11:45:39,3,0
2019-07-12 11:45:38,4,0
2019-07-12 11:45:37,4,0
2019-07-12 11:45:36,4,0
2019-07-12 11:45:35,4,0
2019-07-12 11:45:34,3,0
2019-07-12 11:45:33,4,0
2019-07-12 11:45:32,4,0
2019-07-12 11:45:31,3,0
2019-07-12 11:45:30,2,0
2019-07-12 11:45:29,4,0
2019-07-12 11:45:28,3,0
2019-07-12 11:45:27,3,0
2019-07-12 11:45:26,4,0
2019-07-12 11:45:25,4,0
2019-07-12 11:45:24,4,0
2019-07-12 11:45:23,3,0
2019-07-12 11:45:22,4,0
2019-07-12 11:45:21,4,0
2019-07-12 11:45:20,2,0
2019-07-12 11:45:19,4,0
2019-07-12 11:45:18,4,0
2019-07-12 11:45:17,3,0
2019-07-12 11:45:16,5,0
2019-07-12 11:45:15,2,0
2019-07-12 11:45:14,3,0
2019-07-12 11:45:13,3,0
2019-07-12 11:45:12,4,0
2019-07-12 11:45:11,3,0
2019-07-12 11:45:10,3,0
2019-07-12 11:45:09,3,0
2019-07-12 11:45:08,4,0
2019-07-12 11:45:07,3,0
2019-07-12 11:45:06,4,0
2019-07-12 11:45:05,7,0
2019-07-12 11:45:04,4,0
2019-07-12 11:45:03,3,0
2019-07-12 11:45:02,4,0
2019-07-12 11:45:01,4,0
2019-07-12 11:45:00,4,0
2019-07-12 11:44:59,5,0
2019-07-12 11:44:58,2,0
2019-07-12 11:44:57,4,0
2019-07-12 11:44:56,3,0
2019-07-12 11:44:55,5,0
2019-07-12 11:44:54,4,0
2019-07-12 11:44:53,4,0
2019-07-12 11:44:52,4,0
2019-07-12 11:44:51,3,0
2019-07-12 11:44:50,3,0
2019-07-12 11:44:49,4,0
2019-07-12 11:44:48,3,0
2019-07-12 11:44:47,4,0
2019-07-12 11:44:46,5,0
2019-07-12 11:44:45,2,0
2019-07-12 11:44:44,5,0
2019-07-12 11:44:43,4,0
2019-07-12 11:44:42,4,0
2019-07-12 11:44:41,3,0
2019-07-12 11:44:40,4,0
2019-07-12 11:44:39,4,0
2019-07-12 11:44:38,2,0
2019-07-12 11:44:37,6,0
2019-07-12 11:44:36,3,0
2019-07-12 11:44:35,5,0
2019-07-12 11:44:34,2,0
2019-07-12 11:44:33,4,0
2019-07-12 11:44:32,3,0
2019-07-12 11:44:31,5,0
2019-07-12 11:44:30,4,0
2019-07-12 11:44:29,4,0
2019-07-12 11:44:28,3,0
2019-07-12 11:44:27,3,0
2019-07-12 11:44:26,3,0
2019-07-12 11:44:25,4,0
2019-07-12 11:44:24,3,0
2019-07-12 11:44:23,6,0
2019-07-12 11:44:22,4,0
2019-07-12 11:44:21,5,0
2019-07-12 11:44:20,3,0
2019-07-12 11:44:19,3,0
2019-07-12 11:44:18,3,0
2019-07-12 11:44:17,4,0
2019-07-12 11:44:16,4,0
2019-07-12 11:44:15,3,0
2019-07-12 11:44:14,4,0
2019-07-12 11:44:13,3,0
2019-07-12 11:44:12,4,0
2019-07-12 11:44:11,4,0
2019-07-12 11:44:10,3,0
2019-07-12 11:44:09,5,0
2019-07-12 11:44:08,3,0
2019-07-12 11:44:07,5,0
2019-07-12 11:44:06,2,0
2019-07-12 11:44:05,4,0
2019-07-12 11:44:04,3,0
2019-07-12 11:44:03,4,0
2019-07-12 11:44:02,4,0
2019-07-12 11:44:01,4,0
2019-07-12 11:44:00,3,0
2019-07-12 11:43:59,4,0
2019-07-12 11:43:58,4,0
2019-07-12 11:43:57,4,0
2019-07-12 11:43:56,4,0
2019-07-12 11:43:55,2,0
2019-07-12 11:43:54,4,0
2019-07-12 11:43:53,4,0
2019-07-12 11:43:52,6,0
2019-07-12 11:43:51,3,0
2019-07-12 11:43:50,4,0
2019-07-12 11:43:49,4,0
2019-07-12 11:43:48,3,0
2019-07-12 11:43:47,3,0
2019-07-12 11:43:46,3,0
2019-07-12 11:43:45,4,0
2019-07-12 11:43:44,2,0
2019-07-12 11:43:43,4,0
2019-07-12 11:43:42,3,0
2019-07-12 11:43:41,4,0
2019-07-12 11:43:40,5,0
2019-07-12 11:43:39,4,0
2019-07-12 11:43:38,4,0
2019-07-12 11:43:37,3,0
2019-07-12 11:43:36,4,0
2019-07-12 11:43:35,3,0
2019-07-12 11:43:34,2,0
2019-07-12 11:43:33,2,0
2019-07-12 11:43:32,2,0
2019-07-12 11:43:31,5,0
2019-07-12 11:43:30,4,0
2019-07-12 11:43:29,5,0
2019-07-12 11:43:28,4,0
2019-07-12 11:43:27,4,0
2019-07-12 11:43:26,4,0
2019-07-12 11:43:25,3,0
2019-07-12 11:43:24,5,0
2019-07-12 11:43:23,4,0
2019-07-12 11:43:22,3,0
2019-07-12 11:43:21,4,0
2019-07-12 11:43:20,3,0
2019-07-12 11:43:19,3,0
2019-07-12 11:43:18,4,0
2019-07-12 11:43:17,4,0
2019-07-12 11:43:16,3,0
2019-07-12 11:43:15,4,0
2019-07-12 11:43:14,5,0
2019-07-12 11:43:13,4,0
2019-07-12 11:43:12,3,0
2019-07-12 11:43:11,3,0
2019-07-12 11:43:10,5,0
2019-07-12 11:43:09,3,0
2019-07-12 11:43:08,4,0
2019-07-12 11:43:07,2,0
2019-07-12 11:43:06,5,0
2019-07-12 11:43:05,5,0
2019-07-12 11:43:04,5,0
2019-07-12 11:43:03,5,0
2019-07-12 11:43:02,4,0
2019-07-12 11:43:01,4,0
2019-07-12 11:43:00,4,0
2019-07-12 11:42:59,4,0
2019-07-12 11:42:58,5,0
2019-07-12 11:42:57,4,0
2019-07-12 11:42:56,2,0
2019-07-12 11:42:55,4,0
2019-07-12 11:42:54,4,0
2019-07-12 11:42:53,5,0
2019-07-12 11:42:52,3,0
2019-07-12 11:42:51,4,0
2019-07-12 11:42:50,3,0
2019-07-12 11:42:49,3,0
2019-07-12 11:42:48,4,0
2019-07-12 11:42:47,3,0
2019-07-12 11:42:46,4,0
2019-07-12 11:42:45,3,0
2019-07-12 11:42:44,4,0
2019-07-12 11:42:43,4,0
2019-07-12 11:42:42,3,0
2019-07-12 11:42:41,4,0
2019-07-12 11:42:40,4,0
2019-07-12 11:42:39,5,0
2019-07-12 11:42:38,3,0
2019-07-12 11:42:37,6,0
2019-07-12 11:42:36,4,0
2019-07-12 11:42:35,4,0
2019-07-12 11:42:34,4,0
2019-07-12 11:42:33,5,0
2019-07-12 11:42:32,3,0
2019-07-12 11:42:31,3,0
2019-07-12 11:42:30,4,0
2019-07-12 11:42:29,4,0
2019-07-12 11:42:28,2,0
2019-07-12 11:42:27,4,0
2019-07-12 11:42:26,4,0
2019-07-12 11:42:25,3,0
2019-07-12 11:42:24,5,0
2019-07-12 11:42:23,5,0
2019-07-12 11:42:22,4,0
2019-07-12 11:42:21,4,0
2019-07-12 11:42:20,4,0
2019-07-12 11:42:19,4,0
2019-07-12 11:42:18,3,0
2019-07-12 11:42:17,5,0
2019-07-12 11:42:16,3,0
2019-07-12 11:42:15,6,0
2019-07-12 11:42:14,2,0
2019-07-12 11:42:13,4,0
2019-07-12 11:42:12,4,0
2019-07-12 11:42:11,3,0
2019-07-12 11:42:10,3,0
2019-07-12 11:42:09,4,0
2019-07-12 11:42:08,4,0
2019-07-12 11:42:07,3,0
2019-07-12 11:42:06,3,0
2019-07-12 11:42:05,5,0
2019-07-12 11:42:04,5,0
2019-07-12 11:42:03,5,0
2019-07-12 11:42:02,4,0
2019-07-12 11:42:01,4,0
2019-07-12 11:42:00,4,0
2019-07-12 11:41:59,3,0
2019-07-12 11:41:58,4,0
2019-07-12 11:41:57,3,0
2019-07-12 11:41:56,5,0
2019-07-12 11:41:55,3,0
2019-07-12 11:41:54,3,0
2019-07-12 11:41:53,4,0
2019-07-12 11:41:52,4,0
2019-07-12 11:41:51,4,0
2019-07-12 11:41:50,4,0
2019-07-12 11:41:49,4,0
2019-07-12 11:41:48,5,0
2019-07-12 11:41:47,4,0
2019-07-12 11:41:46,4,0
2019-07-12 11:41:45,4,0
2019-07-12 11:41:44,4,0
2019-07-12 11:41:43,5,0
2019-07-12 11:41:42,4,0
2019-07-12 11:41:41,4,0
2019-07-12 11:41:40,4,0
2019-07-12 11:41:39,3,0
2019-07-12 11:41:38,6,0
2019-07-12 11:41:37,3,0
2019-07-12 11:41:36,5,0
2019-07-12 11:41:35,3,0
2019-07-12 11:41:34,6,0
2019-07-12 11:41:33,4,0
2019-07-12 11:41:32,5,0
2019-07-12 11:41:31,4,0
2019-07-12 11:41:30,4,0
2019-07-12 11:41:29,2,0
2019-07-12 11:41:28,4,0
2019-07-12 11:41:27,4,0
2019-07-12 11:41:26,4,0
2019-07-12 11:41:25,5,0
2019-07-12 11:41:24,3,0
2019-07-12 11:41:23,4,0
2019-07-12 11:41:22,5,0
2019-07-12 11:41:21,5,0
2019-07-12 11:41:20,4,0
2019-07-12 11:41:19,4,0
2019-07-12 11:41:18,5,0
2019-07-12 11:41:17,6,0
2019-07-12 11:41:16,4,0
2019-07-12 11:41:15,3,0
2019-07-12 11:41:14,5,0
2019-07-12 11:41:13,3,0
2019-07-12 11:41:12,4,0
2019-07-12 11:41:11,5,0
2019-07-12 11:41:10,5,0
2019-07-12 11:41:09,3,0
2019-07-12 11:41:08,5,0
2019-07-12 11:41:07,4,0
2019-07-12 11:41:06,4,0
2019-07-12 11:41:05,4,0
2019-07-12 11:41:04,3,0
2019-07-12 11:41:03,5,0
2019-07-12 11:41:02,2,0
2019-07-12 11:41:01,4,0
2019-07-12 11:41:00,4,0
2019-07-12 11:40:59,3,0
2019-07-12 11:40:58,5,0
2019-07-12 11:40:57,5,0
2019-07-12 11:40:56,3,0
2019-07-12 11:40:55,4,0
2019-07-12 11:40:54,5,0
2019-07-12 11:40:53,5,0
2019-07-12 11:40:52,4,0
2019-07-12 11:40:51,3,0
2019-07-12 11:40:50,4,0
2019-07-12 11:40:49,2,0
2019-07-12 11:40:48,3,0
2019-07-12 11:40:47,3,0
2019-07-12 11:40:46,4,0
2019-07-12 11:40:45,4,0
2019-07-12 11:40:44,3,0
2019-07-12 11:40:43,5,0
2019-07-12 11:40:42,4,0
2019-07-12 11:40:41,5,0
2019-07-12 11:40:40,3,0
2019-07-12 11:40:39,5,0
2019-07-12 11:40:38,4,0
2019-07-12 11:40:37,4,0
2019-07-12 11:40:36,4,0
2019-07-12 11:40:35,5,0
2019-07-12 11:40:34,3,0
2019-07-12 11:40:33,4,0
2019-07-12 11:40:32,4,0
2019-07-12 11:40:31,2,0
2019-07-12 11:40:30,4,0
2019-07-12 11:40:29,2,0
2019-07-12 11:40:28,5,0
2019-07-12 11:40:27,3,0
2019-07-12 11:40:26,4,0
2019-07-12 11:40:25,4,0
2019-07-12 11:40:24,5,0
2019-07-12 11:40:23,3,0
2019-07-12 11:40:22,5,0
2019-07-12 11:40:21,4,0
2019-07-12 11:40:20,4,0
2019-07-12 11:40:19,4,0
2019-07-12 11:40:18,4,0
2019-07-12 11:40:17,3,0
2019-07-12 11:40:16,2,0
2019-07-12 11:40:15,6,0
2019-07-12 11:40:14,6,0
2019-07-12 11:40:13,4,0
2019-07-12 11:40:12,2,0
2019-07-12 11:40:11,4,0
2019-07-12 11:40:10,4,0
2019-07-12 11:40:09,5,0
2019-07-12 11:40:08,5,0
2019-07-12 11:40:07,5,0
2019-07-12 11:40:06,3,0
2019-07-12 11:40:05,4,0
2019-07-12 11:40:04,3,0
2019-07-12 11:40:03,4,0
2019-07-12 11:40:02,3,0
2019-07-12 11:40:01,4,0
2019-07-12 11:40:00,5,0
2019-07-12 11:39:59,4,0
2019-07-12 11:39:58,4,0
2019-07-12 11:39:57,4,0
2019-07-12 11:39:56,5,0
2019-07-12 11:39:55,4,0
2019-07-12 11:39:54,2,0
2019-07-12 11:39:53,4,0
2019-07-12 11:39:52,4,0
2019-07-12 11:39:51,5,0
2019-07-12 11:39:50,3,0
2019-07-12 11:39:49,4,0
2019-07-12 11:39:48,4,0
2019-07-12 11:39:47,3,0
2019-07-12 11:39:46,5,0
2019-07-12 11:39:45,3,0
2019-07-12 11:39:44,3,0
2019-07-12 11:39:43,6,0
2019-07-12 11:39:42,3,0
2019-07-12 11:39:41,3,0
2019-07-12 11:39:40,4,0
2019-07-12 11:39:39,3,0
2019-07-12 11:39:38,5,0
2019-07-12 11:39:37,4,0
2019-07-12 11:39:36,4,0
2019-07-12 11:39:35,4,0
2019-07-12 11:39:34,3,0
2019-07-12 11:39:33,4,0
2019-07-12 11:39:32,3,0
2019-07-12 11:39:31,2,0
2019-07-12 11:39:30,4,0
2019-07-12 11:39:29,4,0
2019-07-12 11:39:28,3,0
2019-07-12 11:39:27,4,0
2019-07-12 11:39:26,3,0
2019-07-12 11:39:25,5,0
2019-07-12 11:39:24,3,0
2019-07-12 11:39:23,4,0
2019-07-12 11:39:22,4,0
2019-07-12 11:39:21,3,0
2019-07-12 11:39:20,5,0
2019-07-12 11:39:19,4,0
2019-07-12 11:39:18,5,0
2019-07-12 11:39:17,5,0
2019-07-12 11:39:16,4,0
2019-07-12 11:39:15,4,0
2019-07-12 11:39:14,4,0
2019-07-12 11:39:13,4,0
2019-07-12 11:39:12,3,0
2019-07-12 11:39:11,2,0
2019-07-12 11:39:10,4,0
2019-07-12 11:39:09,4,0
2019-07-12 11:39:08,4,0
2019-07-12 11:39:07,3,0
2019-07-12 11:39:06,3,0
2019-07-12 11:39:05,4,0
2019-07-12 11:39:04,5,0
2019-07-12 11:39:03,3,0
2019-07-12 11:39:02,4,0
2019-07-12 11:39:01,4,0
2019-07-12 11:39:00,5,0
2019-07-12 11:38:59,3,0
2019-07-12 11:38:58,6,0
2019-07-12 11:38:57,3,0
2019-07-12 11:38:56,4,0
2019-07-12 11:38:55,4,0
2019-07-12 11:38:54,4,0
2019-07-12 11:38:53,3,0
2019-07-12 11:38:52,4,0
2019-07-12 11:38:51,4,0
2019-07-12 11:38:50,3,0
2019-07-12 11:38:49,5,0
2019-07-12 11:38:48,4,0
2019-07-12 11:38:47,4,0
2019-07-12 11:38:46,5,0
2019-07-12 11:38:45,4,0
2019-07-12 11:38:44,5,0
2019-07-12 11:38:43,3,0
2019-07-12 11:38:42,5,0
2019-07-12 11:38:41,4,0
2019-07-12 11:38:40,4,0
2019-07-12 11:38:39,4,0
2019-07-12 11:38:38,5,0
2019-07-12 11:38:37,4,0
2019-07-12 11:38:36,4,0
2019-07-12 11:38:35,4,0
2019-07-12 11:38:34,4,0
2019-07-12 11:38:33,4,0
2019-07-12 11:38:32,4,0
2019-07-12 11:38:31,4,0
2019-07-12 11:38:30,4,0
2019-07-12 11:38:29,4,0
2019-07-12 11:38:28,7,0
2019-07-12 11:38:27,3,0
2019-07-12 11:38:26,3,0
2019-07-12 11:38:25,4,0
2019-07-12 11:38:24,3,0
2019-07-12 11:38:23,5,0
2019-07-12 11:38:22,3,0
2019-07-12 11:38:21,4,0
2019-07-12 11:38:20,5,0
2019-07-12 11:38:19,5,0
2019-07-12 11:38:18,3,0
2019-07-12 11:38:17,4,0
2019-07-12 11:38:16,3,0
2019-07-12 11:38:15,3,0
2019-07-12 11:38:14,3,0
2019-07-12 11:38:13,4,0
2019-07-12 11:38:12,3,0
2019-07-12 11:38:11,4,0
2019-07-12 11:38:10,3,0
2019-07-12 11:38:09,5,0
2019-07-12 11:38:08,3,0
2019-07-12 11:38:07,7,0
2019-07-12 11:38:06,4,0
2019-07-12 11:38:05,4,0
2019-07-12 11:38:04,3,0
2019-07-12 11:38:03,5,0
2019-07-12 11:38:02,3,0
2019-07-12 11:38:01,4,0
2019-07-12 11:38:00,4,0
2019-07-12 11:37:59,5,0
2019-07-12 11:37:58,4,0
2019-07-12 11:37:57,4,0
2019-07-12 11:37:56,5,0
2019-07-12 11:37:55,4,0
2019-07-12 11:37:54,4,0
2019-07-12 11:37:53,3,0
2019-07-12 11:37:52,4,0
2019-07-12 11:37:51,4,0
2019-07-12 11:37:50,3,0
2019-07-12 11:37:49,4,0
2019-07-12 11:37:48,3,0
2019-07-12 11:37:47,5,0
2019-07-12 11:37:46,4,0
2019-07-12 11:37:45,4,0
2019-07-12 11:37:44,5,0
2019-07-12 11:37:43,3,0
2019-07-12 11:37:42,4,0
2019-07-12 11:37:41,3,0
2019-07-12 11:37:40,4,0
2019-07-12 11:37:39,4,0
2019-07-12 11:37:38,3,0
2019-07-12 11:37:37,5,0
2019-07-12 11:37:36,4,0
2019-07-12 11:37:35,3,0
2019-07-12 11:37:34,5,0
2019-07-12 11:37:33,5,0
2019-07-12 11:37:32,3,0
2019-07-12 11:37:31,3,0
2019-07-12 11:37:30,3,0
2019-07-12 11:37:29,3,0
2019-07-12 11:37:28,3,0
2019-07-12 11:37:27,3,0
2019-07-12 11:37:26,4,0
2019-07-12 11:37:25,4,0
2019-07-12 11:37:24,3,0
2019-07-12 11:37:23,3,0
2019-07-12 11:37:22,4,0
2019-07-12 11:37:21,4,0
2019-07-12 11:37:20,5,0
2019-07-12 11:37:19,4,0
2019-07-12 11:37:18,4,0
2019-07-12 11:37:17,4,0
2019-07-12 11:37:16,5,0
2019-07-12 11:37:15,4,0
2019-07-12 11:37:14,5,0
2019-07-12 11:37:13,2,0
2019-07-12 11:37:12,5,0
2019-07-12 11:37:11,3,0
2019-07-12 11:37:10,4,0
2019-07-12 11:37:09,3,0
2019-07-12 11:37:08,2,0
2019-07-12 11:37:07,5,0
2019-07-12 11:37:06,2,0
2019-07-12 11:37:05,3,0
2019-07-12 11:37:04,4,0
2019-07-12 11:37:03,6,0
2019-07-12 11:37:02,4,0
2019-07-12 11:37:01,4,0
2019-07-12 11:37:00,8,0
2019-07-12 11:36:59,6,0
2019-07-12 11:36:58,3,0
2019-07-12 11:36:57,4,0
2019-07-12 11:36:56,4,0
2019-07-12 11:36:55,2,0
2019-07-12 11:36:54,4,0
2019-07-12 11:36:53,4,0
2019-07-12 11:36:52,4,0
2019-07-12 11:36:51,5,0
2019-07-12 11:36:50,3,0
2019-07-12 11:36:49,4,0
2019-07-12 11:36:48,4,0
2019-07-12 11:36:47,3,0
2019-07-12 11:36:46,2,0
2019-07-12 11:36:45,5,0
2019-07-12 11:36:44,2,0
2019-07-12 11:36:43,4,0
2019-07-12 11:36:42,3,0
2019-07-12 11:36:41,4,0
2019-07-12 11:36:40,3,0
2019-07-12 11:36:39,2,0
2019-07-12 11:36:38,3,0
2019-07-12 11:36:37,4,0
2019-07-12 11:36:36,4,0
2019-07-12 11:36:35,4,0
2019-07-12 11:36:34,5,0
2019-07-12 11:36:33,4,0
2019-07-12 11:36:32,3,0
2019-07-12 11:36:31,5,0
2019-07-12 11:36:30,3,0
2019-07-12 11:36:29,5,0
2019-07-12 11:36:28,4,0
2019-07-12 11:36:27,4,0
2019-07-12 11:36:26,5,0
2019-07-12 11:36:25,3,0
2019-07-12 11:36:24,6,0
2019-07-12 11:36:23,2,0
2019-07-12 11:36:22,6,0
2019-07-12 11:36:21,4,0
2019-07-12 11:36:20,5,0
2019-07-12 11:36:19,4,0
2019-07-12 11:36:18,4,0
2019-07-12 11:36:17,3,0
2019-07-12 11:36:16,5,0
2019-07-12 11:36:15,4,0
2019-07-12 11:36:14,4,0
2019-07-12 11:36:13,4,0
2019-07-12 11:36:12,3,0
2019-07-12 11:36:11,6,0
2019-07-12 11:36:10,3,0
2019-07-12 11:36:09,6,0
2019-07-12 11:36:08,4,0
2019-07-12 11:36:07,5,0
2019-07-12 11:36:06,2,0
2019-07-12 11:36:05,5,0
2019-07-12 11:36:04,3,0
2019-07-12 11:36:03,3,0
2019-07-12 11:36:02,4,0
2019-07-12 11:36:01,2,0
2019-07-12 11:36:00,3,0
2019-07-12 11:35:59,5,0
2019-07-12 11:35:58,4,0
2019-07-12 11:35:57,4,0
2019-07-12 11:35:56,4,0
2019-07-12 11:35:55,4,0
2019-07-12 11:35:54,4,0
2019-07-12 11:35:53,5,0
2019-07-12 11:35:52,4,0
2019-07-12 11:35:51,3,0
2019-07-12 11:35:50,4,0
2019-07-12 11:35:49,2,0
2019-07-12 11:35:48,5,0
2019-07-12 11:35:47,3,0
2019-07-12 11:35:46,5,0
2019-07-12 11:35:45,3,0
2019-07-12 11:35:44,5,0
2019-07-12 11:35:43,2,0
2019-07-12 11:35:42,3,0
2019-07-12 11:35:41,5,0
2019-07-12 11:35:40,3,0
2019-07-12 11:35:39,2,0
2019-07-12 11:35:38,3,0
2019-07-12 11:35:37,4,0
2019-07-12 11:35:36,3,0
2019-07-12 11:35:35,5,0
2019-07-12 11:35:34,5,0
2019-07-12 11:35:33,3,0
2019-07-12 11:35:32,3,0
2019-07-12 11:35:31,3,0
2019-07-12 11:35:30,2,0
2019-07-12 11:35:29,2,0
2019-07-12 11:35:28,4,0
2019-07-12 11:35:27,5,0
2019-07-12 11:35:26,3,0
2019-07-12 11:35:25,5,0
2019-07-12 11:35:24,3,0
2019-07-12 11:35:23,3,0
2019-07-12 11:35:22,4,0
2019-07-12 11:35:21,3,0
2019-07-12 11:35:20,3,0
2019-07-12 11:35:19,5,0
2019-07-12 11:35:18,5,0
2019-07-12 11:35:17,12,0
2019-07-12 11:35:16,4,0
2019-07-12 11:35:15,2,0
2019-07-12 11:35:14,5,0
2019-07-12 11:35:13,3,0
2019-07-12 11:35:12,3,0
2019-07-12 11:35:11,4,0
2019-07-12 11:35:10,4,0
2019-07-12 11:35:09,4,0
2019-07-12 11:35:08,3,0
2019-07-12 11:35:07,5,0
2019-07-12 11:35:06,4,0
2019-07-12 11:35:05,4,0
2019-07-12 11:35:04,4,0
2019-07-12 11:35:03,4,0
2019-07-12 11:35:02,4,0
2019-07-12 11:35:01,5,0
2019-07-12 11:35:00,4,0
2019-07-12 11:34:59,4,0
2019-07-12 11:34:58,4,0
2019-07-12 11:34:57,5,0
2019-07-12 11:34:56,3,0
2019-07-12 11:34:55,5,0
2019-07-12 11:34:54,4,0
2019-07-12 11:34:53,4,0
2019-07-12 11:34:52,4,0
2019-07-12 11:34:51,5,0
2019-07-12 11:34:50,4,0
2019-07-12 11:34:49,4,0
2019-07-12 11:34:48,4,0
2019-07-12 11:34:47,4,0
2019-07-12 11:34:46,5,0
2019-07-12 11:34:45,4,0
2019-07-12 11:34:44,4,0
2019-07-12 11:34:43,4,0
2019-07-12 11:34:42,4,0
2019-07-12 11:34:41,3,0
2019-07-12 11:34:40,4,0
2019-07-12 11:34:39,4,0
2019-07-12 11:34:38,4,0
2019-07-12 11:34:37,5,0
2019-07-12 11:34:36,5,0
2019-07-12 11:34:35,5,0
2019-07-12 11:34:34,3,0
2019-07-12 11:34:33,4,0
2019-07-12 11:34:32,3,0
2019-07-12 11:34:31,4,0
2019-07-12 11:34:30,5,0
2019-07-12 11:34:29,4,0
2019-07-12 11:34:28,4,0
2019-07-12 11:34:27,4,0
2019-07-12 11:34:26,5,0
2019-07-12 11:34:25,4,0
2019-07-12 11:34:24,4,0
2019-07-12 11:34:23,4,0
2019-07-12 11:34:22,4,0
2019-07-12 11:34:21,2,0
2019-07-12 11:34:20,4,0
2019-07-12 11:34:19,4,0
2019-07-12 11:34:18,3,0
2019-07-12 11:34:17,4,0
2019-07-12 11:34:16,3,0
2019-07-12 11:34:15,3,0
2019-07-12 11:34:14,4,0
2019-07-12 11:34:13,4,0
2019-07-12 11:34:12,3,0
2019-07-12 11:34:11,4,0
2019-07-12 11:34:10,3,0
2019-07-12 11:34:09,4,0
2019-07-12 11:34:08,4,0
2019-07-12 11:34:07,2,0
2019-07-12 11:34:06,3,0
2019-07-12 11:34:05,4,0
2019-07-12 11:34:04,4,0
2019-07-12 11:34:03,3,0
2019-07-12 11:34:02,5,0
2019-07-12 11:34:01,3,0
2019-07-12 11:34:00,4,0
2019-07-12 11:33:59,3,0
2019-07-12 11:33:58,2,0
2019-07-12 11:33:57,4,0
2019-07-12 11:33:56,4,0
2019-07-12 11:33:55,4,0
2019-07-12 11:33:54,7,0
2019-07-12 11:33:53,3,0
2019-07-12 11:33:52,3,0
2019-07-12 11:33:51,4,0
2019-07-12 11:33:50,5,0
2019-07-12 11:33:49,4,0
2019-07-12 11:33:48,6,0
2019-07-12 11:33:47,4,0
2019-07-12 11:33:46,4,0
2019-07-12 11:33:45,3,0
2019-07-12 11:33:44,6,0
2019-07-12 11:33:43,4,0
2019-07-12 11:33:42,2,0
2019-07-12 11:33:41,5,0
2019-07-12 11:33:40,2,0
2019-07-12 11:33:39,5,0
2019-07-12 11:33:38,3,0
2019-07-12 11:33:37,4,0
2019-07-12 11:33:36,3,0
2019-07-12 11:33:35,4,0
2019-07-12 11:33:34,4,0
2019-07-12 11:33:33,5,0
2019-07-12 11:33:32,5,0
2019-07-12 11:33:31,2,0
2019-07-12 11:33:30,3,0
2019-07-12 11:33:29,4,0
2019-07-12 11:33:28,3,0
2019-07-12 11:33:27,4,0
2019-07-12 11:33:26,2,0
2019-07-12 11:33:25,4,0
2019-07-12 11:33:24,4,0
2019-07-12 11:33:23,4,0
2019-07-12 11:33:22,4,0
2019-07-12 11:33:21,3,0
2019-07-12 11:33:20,3,0
2019-07-12 11:33:19,3,0
2019-07-12 11:33:18,3,0
2019-07-12 11:33:17,6,0
2019-07-12 11:33:16,4,0
2019-07-12 11:33:15,4,0
2019-07-12 11:33:14,3,0
2019-07-12 11:33:13,3,0
2019-07-12 11:33:12,4,0
2019-07-12 11:33:11,4,0
2019-07-12 11:33:10,4,0
2019-07-12 11:33:09,5,0
2019-07-12 11:33:08,4,0
2019-07-12 11:33:07,5,0
2019-07-12 11:33:06,4,0
2019-07-12 11:33:05,2,0
2019-07-12 11:33:04,5,0
2019-07-12 11:33:03,4,0
2019-07-12 11:33:02,5,0
2019-07-12 11:33:01,2,0
2019-07-12 11:33:00,8,0
2019-07-12 11:32:59,5,0
2019-07-12 11:32:58,5,0
2019-07-12 11:32:57,5,0
2019-07-12 11:32:56,5,0
2019-07-12 11:32:55,4,0
2019-07-12 11:32:54,3,0
2019-07-12 11:32:53,4,0
2019-07-12 11:32:52,4,0
2019-07-12 11:32:51,3,0
2019-07-12 11:32:50,4,0
2019-07-12 11:32:49,5,0
2019-07-12 11:32:48,3,0
2019-07-12 11:32:47,4,0
2019-07-12 11:32:46,3,0
2019-07-12 11:32:45,4,0
2019-07-12 11:32:44,3,0
2019-07-12 11:32:43,3,0
2019-07-12 11:32:42,4,0
2019-07-12 11:32:41,3,0
2019-07-12 11:32:40,5,0
2019-07-12 11:32:39,2,0
2019-07-12 11:32:38,4,0
2019-07-12 11:32:37,4,0
2019-07-12 11:32:36,4,0
2019-07-12 11:32:35,2,0
2019-07-12 11:32:34,4,0
2019-07-12 11:32:33,3,0
2019-07-12 11:32:32,6,0
2019-07-12 11:32:31,3,0
2019-07-12 11:32:30,4,0
2019-07-12 11:32:29,4,0
2019-07-12 11:32:28,3,0
2019-07-12 11:32:27,3,0
2019-07-12 11:32:26,2,0
2019-07-12 11:32:25,5,0
2019-07-12 11:32:24,8,0
2019-07-12 11:32:23,4,0
2019-07-12 11:32:22,2,0
2019-07-12 11:32:21,3,0
2019-07-12 11:32:20,4,0
2019-07-12 11:32:19,4,0
2019-07-12 11:32:18,5,0
2019-07-12 11:32:17,4,0
2019-07-12 11:32:16,4,0
2019-07-12 11:32:15,5,0
2019-07-12 11:32:14,5,0
2019-07-12 11:32:13,5,0
2019-07-12 11:32:12,4,0
2019-07-12 11:32:11,10,0
2019-07-12 11:32:10,5,0
2019-07-12 11:32:09,3,0
2019-07-12 11:32:08,4,0
2019-07-12 11:32:07,5,0
2019-07-12 11:32:06,2,0
2019-07-12 11:32:05,3,0
2019-07-12 11:32:04,5,0
2019-07-12 11:32:03,4,0
2019-07-12 11:32:02,4,0
2019-07-12 11:32:01,4,0
2019-07-12 11:32:00,3,0
2019-07-12 11:31:59,4,0
2019-07-12 11:31:58,4,0
2019-07-12 11:31:57,4,0
2019-07-12 11:31:56,4,0
2019-07-12 11:31:55,4,0
2019-07-12 11:31:54,4,0
2019-07-12 11:31:53,2,0
2019-07-12 11:31:52,5,0
2019-07-12 11:31:51,4,0
2019-07-12 11:31:50,4,0
2019-07-12 11:31:49,4,0
2019-07-12 11:31:48,3,0
2019-07-12 11:31:47,4,0
2019-07-12 11:31:46,5,0
2019-07-12 11:31:45,3,0
2019-07-12 11:31:44,4,0
2019-07-12 11:31:43,5,0
2019-07-12 11:31:42,4,0
2019-07-12 11:31:41,3,0
2019-07-12 11:31:40,4,0
2019-07-12 11:31:39,4,0
2019-07-12 11:31:38,5,0
2019-07-12 11:31:37,3,0
2019-07-12 11:31:36,3,0
2019-07-12 11:31:35,4,0
2019-07-12 11:31:34,3,0
2019-07-12 11:31:33,5,0
2019-07-12 11:31:32,5,0
2019-07-12 11:31:31,4,0
2019-07-12 11:31:30,3,0
2019-07-12 11:31:29,4,0
2019-07-12 11:31:28,4,0
2019-07-12 11:31:27,2,0
2019-07-12 11:31:26,3,0
2019-07-12 11:31:25,5,0
2019-07-12 11:31:24,2,0
2019-07-12 11:31:23,4,0
2019-07-12 11:31:22,3,0
2019-07-12 11:31:21,3,0
2019-07-12 11:31:20,4,0
2019-07-12 11:31:19,5,0
2019-07-12 11:31:18,3,0
2019-07-12 11:31:17,4,0
2019-07-12 11:31:16,4,0
2019-07-12 11:31:15,5,0
2019-07-12 11:31:14,3,0
2019-07-12 11:31:13,5,0
2019-07-12 11:31:12,3,0
2019-07-12 11:31:11,4,0
2019-07-12 11:31:10,4,0
2019-07-12 11:31:09,4,0
2019-07-12 11:31:08,3,0
2019-07-12 11:31:07,4,0
2019-07-12 11:31:06,4,0
2019-07-12 11:31:05,4,0
2019-07-12 11:31:04,4,0
2019-07-12 11:31:03,4,0
2019-07-12 11:31:02,2,0
2019-07-12 11:31:01,4,0
2019-07-12 11:31:00,2,0
2019-07-12 11:30:59,5,0
2019-07-12 11:30:58,5,0
2019-07-12 11:30:57,2,0
2019-07-12 11:30:56,5,0
2019-07-12 11:30:55,4,0
2019-07-12 11:30:54,4,0
2019-07-12 11:30:53,4,0
2019-07-12 11:30:52,4,0
2019-07-12 11:30:51,5,0
2019-07-12 11:30:50,3,0
2019-07-12 11:30:49,5,0
2019-07-12 11:30:48,4,0
2019-07-12 11:30:47,4,0
2019-07-12 11:30:46,4,0
2019-07-12 11:30:45,4,0
2019-07-12 11:30:44,4,0
2019-07-12 11:30:43,4,0
2019-07-12 11:30:42,3,0
2019-07-12 11:30:41,4,0
2019-07-12 11:30:40,3,0
2019-07-12 11:30:39,4,0
2019-07-12 11:30:38,6,0
2019-07-12 11:30:37,3,0
2019-07-12 11:30:36,5,0
2019-07-12 11:30:35,3,0
2019-07-12 11:30:34,5,0
2019-07-12 11:30:33,5,0
2019-07-12 11:30:32,3,0
2019-07-12 11:30:31,4,0
2019-07-12 11:30:30,3,0
2019-07-12 11:30:29,4,0
2019-07-12 11:30:28,3,0
2019-07-12 11:30:27,4,0
2019-07-12 11:30:26,3,0
2019-07-12 11:30:25,4,0
2019-07-12 11:30:24,3,0
2019-07-12 11:30:23,3,0
2019-07-12 11:30:22,5,0
2019-07-12 11:30:21,3,0
2019-07-12 11:30:20,5,0
2019-07-12 11:30:19,3,0
2019-07-12 11:30:18,3,0
2019-07-12 11:30:17,4,0
2019-07-12 11:30:16,4,0
2019-07-12 11:30:15,4,0
2019-07-12 11:30:14,4,0
2019-07-12 11:30:13,4,0
2019-07-12 11:30:12,5,0
2019-07-12 11:30:11,5,0
2019-07-12 11:30:10,4,0
2019-07-12 11:30:09,3,0
2019-07-12 11:30:08,4,0
2019-07-12 11:30:07,2,0
2019-07-12 11:30:06,3,0
2019-07-12 11:30:05,4,0
2019-07-12 11:30:04,3,0
2019-07-12 11:30:03,4,0
2019-07-12 11:30:02,3,0
2019-07-12 11:30:01,3,0
2019-07-12 11:30:00,4,0
2019-07-12 11:29:59,3,0
2019-07-12 11:29:58,5,0
2019-07-12 11:29:57,3,0
2019-07-12 11:29:56,4,0
2019-07-12 11:29:55,3,0
2019-07-12 11:29:54,4,0
2019-07-12 11:29:53,4,0
2019-07-12 11:29:52,3,0
2019-07-12 11:29:51,4,0
2019-07-12 11:29:50,3,0
2019-07-12 11:29:49,4,0
2019-07-12 11:29:48,4,0
2019-07-12 11:29:47,5,0
2019-07-12 11:29:46,3,0
2019-07-12 11:29:45,3,0
2019-07-12 11:29:44,3,0
2019-07-12 11:29:43,5,0
2019-07-12 11:29:42,3,0
2019-07-12 11:29:41,3,0
2019-07-12 11:29:40,5,0
2019-07-12 11:29:39,3,0
2019-07-12 11:29:38,4,0
2019-07-12 11:29:37,2,0
2019-07-12 11:29:36,3,0
2019-07-12 11:29:35,3,0
2019-07-12 11:29:34,4,0
2019-07-12 11:29:33,4,0
2019-07-12 11:29:32,3,0
2019-07-12 11:29:31,2,0
2019-07-12 11:29:30,2,0
2019-07-12 11:29:29,2,0
2019-07-12 11:29:28,4,0
2019-07-12 11:29:27,3,0
2019-07-12 11:29:26,5,0
2019-07-12 11:29:25,4,0
2019-07-12 11:29:24,3,0
2019-07-12 11:29:23,4,0
2019-07-12 11:29:22,3,0
2019-07-12 11:29:21,3,0
2019-07-12 11:29:20,5,0
2019-07-12 11:29:19,4,0
2019-07-12 11:29:18,4,0
2019-07-12 11:29:17,5,0
2019-07-12 11:29:16,3,0
2019-07-12 11:29:15,5,0
2019-07-12 11:29:14,4,0
2019-07-12 11:29:13,4,0
2019-07-12 11:29:12,3,0
2019-07-12 11:29:11,4,0
2019-07-12 11:29:10,4,0
2019-07-12 11:29:09,4,0
2019-07-12 11:29:08,4,0
2019-07-12 11:29:07,5,0
2019-07-12 11:29:06,2,0
2019-07-12 11:29:05,6,0
2019-07-12 11:29:04,4,0
2019-07-12 11:29:03,3,0
2019-07-12 11:29:02,4,0
2019-07-12 11:29:01,3,0
2019-07-12 11:29:00,4,0
2019-07-12 11:28:59,3,0
2019-07-12 11:28:58,4,0
2019-07-12 11:28:57,4,0
2019-07-12 11:28:56,3,0
2019-07-12 11:28:55,3,0
2019-07-12 11:28:54,4,0
2019-07-12 11:28:53,5,0
2019-07-12 11:28:52,5,0
2019-07-12 11:28:51,3,0
2019-07-12 11:28:50,4,0
2019-07-12 11:28:49,2,0
2019-07-12 11:28:48,4,0
2019-07-12 11:28:47,3,0
2019-07-12 11:28:46,6,0
2019-07-12 11:28:45,2,0
2019-07-12 11:28:44,4,0
2019-07-12 11:28:43,5,0
2019-07-12 11:28:42,3,0
2019-07-12 11:28:41,6,0
