time,free,used,cached,buffers
2019-07-12 11:48:25,274.3633,300.625,1410.7422,13.328125
2019-07-12 11:48:24,274.3633,300.625,1410.7422,13.328125
2019-07-12 11:48:23,274.3633,300.6211,1410.7461,13.328125
2019-07-12 11:48:22,274.3633,300.6211,1410.7461,13.328125
2019-07-12 11:48:21,274.3633,300.6211,1410.7461,13.328125
2019-07-12 11:48:20,274.3633,300.6211,1410.7461,13.328125
2019-07-12 11:48:19,274.3633,300.6289,1410.7383,13.328125
2019-07-12 11:48:18,274.3633,300.6289,1410.7461,13.320312
2019-07-12 11:48:17,274.3633,300.6289,1410.7461,13.320312
2019-07-12 11:48:16,274.2422,300.75,1410.7461,13.320312
2019-07-12 11:48:15,274.2422,300.75,1410.7461,13.320312
2019-07-12 11:48:14,274.2422,300.75,1410.7461,13.320312
2019-07-12 11:48:13,274.2422,300.75,1410.7461,13.320312
2019-07-12 11:48:12,274.2422,300.75,1410.7461,13.320312
2019-07-12 11:48:11,274.2422,300.7578,1410.7461,13.3125
2019-07-12 11:48:10,274.2422,300.7578,1410.7461,13.3125
2019-07-12 11:48:09,274.1211,300.8789,1410.7461,13.3125
2019-07-12 11:48:08,274.1211,300.8789,1410.7461,13.3125
2019-07-12 11:48:07,274.1211,300.8789,1410.7461,13.3125
2019-07-12 11:48:06,274.1211,300.8867,1410.7383,13.3125
2019-07-12 11:48:05,274.1211,300.8945,1410.7305,13.3125
2019-07-12 11:48:04,274.1211,300.8945,1410.7305,13.3125
2019-07-12 11:48:03,274.2422,300.7734,1410.7305,13.3125
2019-07-12 11:48:02,274.2422,300.7734,1410.7305,13.3125
2019-07-12 11:48:01,274.2422,300.7734,1410.7383,13.304688
2019-07-12 11:48:00,274.2422,300.7734,1410.7383,13.304688
2019-07-12 11:47:59,274.2422,300.7734,1410.7383,13.304688
2019-07-12 11:47:58,274.2422,300.7734,1410.7383,13.304688
2019-07-12 11:47:57,274.2422,300.7734,1410.7383,13.304688
2019-07-12 11:47:56,274.2422,300.7734,1410.7383,13.304688
2019-07-12 11:47:55,274.2422,300.7812,1410.7305,13.304688
2019-07-12 11:47:54,274.2422,300.7812,1410.7305,13.304688
2019-07-12 11:47:53,274.2422,300.7812,1410.7305,13.304688
2019-07-12 11:47:52,274.2422,300.7812,1410.7305,13.304688
2019-07-12 11:47:51,274.2422,300.7812,1410.7305,13.304688
2019-07-12 11:47:50,274.2422,300.7812,1410.7305,13.304688
2019-07-12 11:47:49,274.2422,300.7812,1410.7305,13.304688
2019-07-12 11:47:48,274.2422,300.7812,1410.7383,13.296875
2019-07-12 11:47:47,274.2422,300.7812,1410.7383,13.296875
2019-07-12 11:47:46,274.2422,300.7812,1410.7383,13.296875
2019-07-12 11:47:45,274.2422,300.7773,1410.7422,13.296875
2019-07-12 11:47:44,274.2422,300.7773,1410.7422,13.296875
2019-07-12 11:47:43,274.2422,300.7773,1410.7422,13.296875
2019-07-12 11:47:42,274.2422,300.7852,1410.7422,13.289062
2019-07-12 11:47:41,274.2422,300.7852,1410.7422,13.289062
2019-07-12 11:47:40,274.2422,300.7852,1410.7422,13.289062
2019-07-12 11:47:39,274.2422,300.7852,1410.7422,13.289062
2019-07-12 11:47:38,274.2422,300.7812,1410.7461,13.289062
2019-07-12 11:47:37,274.2422,300.793,1410.7344,13.289062
2019-07-12 11:47:36,274.2422,300.793,1410.7422,13.28125
2019-07-12 11:47:35,274.2422,300.793,1410.7422,13.28125
2019-07-12 11:47:34,274.2422,300.793,1410.7422,13.28125
2019-07-12 11:47:33,274.2422,300.793,1410.7422,13.28125
2019-07-12 11:47:32,274.2422,300.7891,1410.7461,13.28125
2019-07-12 11:47:31,274.2422,300.7969,1410.7461,13.273438
2019-07-12 11:47:30,274.2422,300.7969,1410.7461,13.273438
2019-07-12 11:47:29,274.2422,300.7969,1410.7461,13.273438
2019-07-12 11:47:28,274.2422,300.7969,1410.7461,13.273438
2019-07-12 11:47:27,274.2031,300.8438,1410.7383,13.273438
2019-07-12 11:47:26,274.1211,300.9258,1410.7383,13.273438
2019-07-12 11:47:25,274.1211,300.9258,1410.7461,13.265625
2019-07-12 11:47:24,274.1211,300.9258,1410.7461,13.265625
2019-07-12 11:47:23,274.1211,300.9258,1410.7461,13.265625
2019-07-12 11:47:22,274.1211,300.9258,1410.7461,13.265625
2019-07-12 11:47:21,274.1211,300.9414,1410.7305,13.265625
2019-07-12 11:47:20,274.6055,300.4727,1410.7148,13.265625
2019-07-12 11:47:19,274.9688,300.1172,1410.707,13.265625
2019-07-12 11:47:18,274.9688,300.1172,1410.7148,13.257812
2019-07-12 11:47:17,274.9688,300.1172,1410.7148,13.257812
2019-07-12 11:47:16,274.9688,300.1172,1410.7148,13.257812
2019-07-12 11:47:15,274.9688,300.1172,1410.7148,13.257812
2019-07-12 11:47:14,274.9688,300.1172,1410.7148,13.257812
2019-07-12 11:47:13,274.9688,300.1211,1410.7109,13.257812
2019-07-12 11:47:12,274.9688,300.1211,1410.7109,13.257812
2019-07-12 11:47:11,274.9688,300.1289,1410.7109,13.25
2019-07-12 11:47:10,274.9688,300.1289,1410.7109,13.25
2019-07-12 11:47:09,274.9688,300.1289,1410.7109,13.25
2019-07-12 11:47:08,274.9688,300.1289,1410.7109,13.25
2019-07-12 11:47:07,274.9688,300.1289,1410.7109,13.25
2019-07-12 11:47:06,274.9688,300.1211,1410.7188,13.25
2019-07-12 11:47:05,274.9688,300.1211,1410.7188,13.25
2019-07-12 11:47:04,274.9297,300.1602,1410.7188,13.25
2019-07-12 11:47:03,274.8477,300.2422,1410.7188,13.25
2019-07-12 11:47:02,274.8477,300.25,1410.7109,13.25
2019-07-12 11:47:01,274.8477,300.25,1410.7109,13.25
2019-07-12 11:47:00,274.8477,300.25,1410.7109,13.25
2019-07-12 11:46:59,274.8477,300.25,1410.7188,13.242188
2019-07-12 11:46:58,274.8477,300.25,1410.7188,13.242188
2019-07-12 11:46:57,274.9688,300.1328,1410.7148,13.242188
2019-07-12 11:46:56,274.8477,300.2539,1410.7148,13.242188
2019-07-12 11:46:55,274.8477,300.2539,1410.7148,13.242188
2019-07-12 11:46:54,274.8477,300.2539,1410.7148,13.242188
2019-07-12 11:46:53,274.8477,300.2656,1410.7109,13.234375
2019-07-12 11:46:52,274.8086,300.3047,1410.7109,13.234375
2019-07-12 11:46:51,274.9688,300.1523,1410.7031,13.234375
2019-07-12 11:46:50,274.9688,300.1523,1410.7031,13.234375
2019-07-12 11:46:49,274.8906,300.2539,1410.6797,13.234375
2019-07-12 11:46:48,274.7266,300.418,1410.6875,13.226562
2019-07-12 11:46:47,274.7266,300.418,1410.6875,13.226562
2019-07-12 11:46:46,274.7266,300.418,1410.6875,13.226562
2019-07-12 11:46:45,274.7266,300.4219,1410.6836,13.226562
2019-07-12 11:46:44,274.7266,300.4219,1410.6836,13.226562
2019-07-12 11:46:43,274.7266,300.4219,1410.6836,13.226562
2019-07-12 11:46:42,274.7266,300.4219,1410.6836,13.226562
2019-07-12 11:46:41,274.7266,300.4219,1410.6836,13.226562
2019-07-12 11:46:40,274.6875,300.4688,1410.6758,13.226562
2019-07-12 11:46:39,274.7266,300.4297,1410.6836,13.21875
2019-07-12 11:46:38,274.7266,300.4297,1410.6836,13.21875
2019-07-12 11:46:37,274.7266,300.4297,1410.6836,13.21875
2019-07-12 11:46:36,274.8477,300.3086,1410.6836,13.21875
2019-07-12 11:46:35,274.8477,300.3086,1410.6836,13.21875
2019-07-12 11:46:34,274.8477,300.3164,1410.6758,13.21875
2019-07-12 11:46:33,274.8477,300.3164,1410.6758,13.21875
2019-07-12 11:46:32,274.8477,300.3164,1410.6758,13.21875
2019-07-12 11:46:31,274.7266,300.4375,1410.6758,13.21875
2019-07-12 11:46:30,274.7266,300.4414,1410.6719,13.21875
2019-07-12 11:46:29,274.7266,300.4414,1410.6797,13.210938
2019-07-12 11:46:28,274.7266,300.4414,1410.6797,13.210938
2019-07-12 11:46:27,274.7266,300.4336,1410.6875,13.210938
2019-07-12 11:46:26,274.7266,300.4336,1410.6875,13.210938
2019-07-12 11:46:25,274.6055,300.5547,1410.6875,13.210938
2019-07-12 11:46:24,274.7266,300.4336,1410.6875,13.210938
2019-07-12 11:46:23,274.7266,300.4336,1410.6875,13.210938
2019-07-12 11:46:22,274.7266,300.4336,1410.6875,13.210938
2019-07-12 11:46:21,274.7266,300.4336,1410.6875,13.210938
2019-07-12 11:46:20,274.7266,300.4336,1410.6875,13.210938
2019-07-12 11:46:19,274.7266,300.4336,1410.6875,13.210938
2019-07-12 11:46:18,274.7266,300.4336,1410.6875,13.210938
2019-07-12 11:46:17,274.7266,300.4414,1410.6797,13.210938
2019-07-12 11:46:16,274.7266,300.4414,1410.6875,13.203125
2019-07-12 11:46:15,274.6875,300.4805,1410.6875,13.203125
2019-07-12 11:46:14,274.6055,300.5625,1410.6875,13.203125
2019-07-12 11:46:13,274.6055,300.5625,1410.6875,13.203125
2019-07-12 11:46:12,274.6055,300.5625,1410.6875,13.203125
2019-07-12 11:46:11,274.7266,300.4492,1410.6797,13.203125
2019-07-12 11:46:10,274.7266,300.4492,1410.6797,13.203125
2019-07-12 11:46:09,274.7266,300.4492,1410.6797,13.203125
2019-07-12 11:46:08,274.7266,300.457,1410.6797,13.195312
2019-07-12 11:46:07,274.7266,300.457,1410.6797,13.195312
2019-07-12 11:46:06,274.7266,300.457,1410.6797,13.195312
2019-07-12 11:46:05,274.7266,300.457,1410.6797,13.195312
2019-07-12 11:46:04,274.7266,300.457,1410.6797,13.195312
2019-07-12 11:46:03,274.8906,300.3164,1410.6562,13.195312
2019-07-12 11:46:02,274.9688,300.2383,1410.6641,13.1875
2019-07-12 11:46:01,274.9688,300.2383,1410.6641,13.1875
2019-07-12 11:46:00,274.9688,300.2383,1410.6641,13.1875
2019-07-12 11:45:59,274.9688,300.2383,1410.6641,13.1875
2019-07-12 11:45:58,274.8477,300.3594,1410.6641,13.1875
2019-07-12 11:45:57,274.8477,300.3594,1410.6641,13.1875
2019-07-12 11:45:56,274.9688,300.2383,1410.6641,13.1875
2019-07-12 11:45:55,274.9688,300.2383,1410.6641,13.1875
2019-07-12 11:45:54,274.9688,300.2383,1410.6641,13.1875
2019-07-12 11:45:53,274.9688,300.2383,1410.6641,13.1875
2019-07-12 11:45:52,274.9688,300.2383,1410.6641,13.1875
2019-07-12 11:45:51,274.9688,300.2383,1410.6641,13.1875
2019-07-12 11:45:50,274.9688,300.2344,1410.668,13.1875
2019-07-12 11:45:49,274.9688,300.2422,1410.6602,13.1875
2019-07-12 11:45:48,274.9688,300.2422,1410.668,13.179688
2019-07-12 11:45:47,274.9688,300.2422,1410.668,13.179688
2019-07-12 11:45:46,274.9688,300.2422,1410.668,13.179688
2019-07-12 11:45:45,274.9688,300.2422,1410.668,13.179688
2019-07-12 11:45:44,274.9688,300.2422,1410.668,13.179688
2019-07-12 11:45:43,274.9688,300.2422,1410.668,13.179688
2019-07-12 11:45:42,274.9375,300.2734,1410.668,13.179688
2019-07-12 11:45:41,274.9375,300.2812,1410.668,13.171875
2019-07-12 11:45:40,274.9375,300.2812,1410.668,13.171875
2019-07-12 11:45:39,274.8984,300.3203,1410.668,13.171875
2019-07-12 11:45:38,274.8164,300.4023,1410.668,13.171875
2019-07-12 11:45:37,274.9375,300.2812,1410.668,13.171875
2019-07-12 11:45:36,274.9375,300.2812,1410.668,13.171875
2019-07-12 11:45:35,274.9375,300.2812,1410.668,13.171875
2019-07-12 11:45:34,274.9375,300.2812,1410.668,13.171875
2019-07-12 11:45:33,274.9375,300.2812,1410.668,13.171875
2019-07-12 11:45:32,274.9375,300.2891,1410.6602,13.171875
2019-07-12 11:45:31,274.9375,300.293,1410.6641,13.164062
2019-07-12 11:45:30,275.0586,300.1719,1410.6641,13.164062
2019-07-12 11:45:29,275.0586,300.1719,1410.6641,13.164062
2019-07-12 11:45:28,275.0586,300.1719,1410.6641,13.164062
2019-07-12 11:45:27,275.0586,300.1719,1410.6641,13.164062
2019-07-12 11:45:26,275.0586,300.1758,1410.6602,13.164062
2019-07-12 11:45:25,275.0586,300.1758,1410.6602,13.164062
2019-07-12 11:45:24,274.9375,300.293,1410.6641,13.164062
2019-07-12 11:45:23,274.9375,300.293,1410.6641,13.164062
2019-07-12 11:45:22,274.9375,300.293,1410.6641,13.164062
2019-07-12 11:45:21,274.9375,300.293,1410.6641,13.164062
2019-07-12 11:45:20,274.9375,300.293,1410.6641,13.164062
2019-07-12 11:45:19,274.9375,300.293,1410.6641,13.164062
2019-07-12 11:45:18,274.9375,300.3008,1410.6641,13.15625
2019-07-12 11:45:17,274.9375,300.3008,1410.6641,13.15625
2019-07-12 11:45:16,274.9375,300.3008,1410.6641,13.15625
2019-07-12 11:45:15,274.9375,300.3008,1410.6641,13.15625
2019-07-12 11:45:14,274.9375,300.3008,1410.6641,13.15625
2019-07-12 11:45:13,274.9375,300.3008,1410.6641,13.15625
2019-07-12 11:45:12,274.8984,300.3477,1410.6562,13.15625
2019-07-12 11:45:11,274.9375,300.3086,1410.6641,13.148438
2019-07-12 11:45:10,274.9375,300.3086,1410.6641,13.148438
2019-07-12 11:45:09,274.9375,300.3086,1410.6641,13.148438
2019-07-12 11:45:08,274.9375,300.3164,1410.6562,13.148438
2019-07-12 11:45:07,274.9375,300.3164,1410.6562,13.148438
2019-07-12 11:45:06,274.9375,300.3164,1410.6562,13.148438
2019-07-12 11:45:05,274.9375,300.3164,1410.6562,13.148438
2019-07-12 11:45:04,274.9375,300.3164,1410.6562,13.148438
2019-07-12 11:45:03,274.9375,300.3164,1410.6562,13.148438
2019-07-12 11:45:02,275.0586,300.1875,1410.6641,13.148438
2019-07-12 11:45:01,275.0586,300.1875,1410.6719,13.140625
2019-07-12 11:45:00,275.0586,300.1875,1410.6719,13.140625
2019-07-12 11:44:59,275.0586,300.1875,1410.6719,13.140625
2019-07-12 11:44:58,275.0586,300.1875,1410.6719,13.140625
2019-07-12 11:44:57,275.0586,300.1875,1410.6719,13.140625
2019-07-12 11:44:56,275.0586,300.1953,1410.6641,13.140625
2019-07-12 11:44:55,275.0586,300.1953,1410.6719,13.132812
2019-07-12 11:44:54,275.0586,300.1953,1410.6719,13.132812
2019-07-12 11:44:53,275.0586,300.1953,1410.6719,13.132812
2019-07-12 11:44:52,275.0586,300.1953,1410.6719,13.132812
2019-07-12 11:44:51,275.0586,300.1992,1410.668,13.132812
2019-07-12 11:44:50,275.0586,300.1992,1410.668,13.132812
2019-07-12 11:44:49,275.0586,300.207,1410.6602,13.132812
2019-07-12 11:44:48,275.0586,300.207,1410.668,13.125
2019-07-12 11:44:47,275.0586,300.207,1410.668,13.125
2019-07-12 11:44:46,275.0586,300.207,1410.668,13.125
2019-07-12 11:44:45,274.9375,300.332,1410.6641,13.125
2019-07-12 11:44:44,275.0586,300.2109,1410.6641,13.125
2019-07-12 11:44:43,275.0586,300.2109,1410.6641,13.125
2019-07-12 11:44:42,275.0586,300.2188,1410.6562,13.125
2019-07-12 11:44:41,275.0586,300.2188,1410.6641,13.117188
2019-07-12 11:44:40,275.0586,300.2227,1410.6602,13.117188
2019-07-12 11:44:39,275.0586,300.2227,1410.6602,13.117188
2019-07-12 11:44:38,275.0586,300.2227,1410.6602,13.117188
2019-07-12 11:44:37,275.0586,300.2227,1410.6602,13.117188
2019-07-12 11:44:36,275.0586,300.2227,1410.6602,13.117188
2019-07-12 11:44:35,275.0586,300.2227,1410.6602,13.117188
2019-07-12 11:44:34,274.9375,300.3398,1410.6641,13.117188
2019-07-12 11:44:33,274.9375,300.3477,1410.6562,13.117188
2019-07-12 11:44:32,274.9375,300.3477,1410.6562,13.117188
2019-07-12 11:44:31,274.9375,300.3477,1410.6641,13.109375
2019-07-12 11:44:30,274.9375,300.3477,1410.6641,13.109375
2019-07-12 11:44:29,274.9375,300.3477,1410.6641,13.109375
2019-07-12 11:44:28,274.9375,300.3477,1410.6641,13.109375
2019-07-12 11:44:27,274.9375,300.3477,1410.6641,13.109375
2019-07-12 11:44:26,274.9375,300.3398,1410.6719,13.109375
2019-07-12 11:44:25,274.9375,300.3398,1410.6719,13.109375
2019-07-12 11:44:24,275.0586,300.2188,1410.6719,13.109375
2019-07-12 11:44:23,275.0586,300.2188,1410.6719,13.109375
2019-07-12 11:44:22,275.0586,300.2188,1410.6719,13.109375
2019-07-12 11:44:21,275.0586,300.2188,1410.6719,13.109375
2019-07-12 11:44:20,275.0586,300.2188,1410.6719,13.109375
2019-07-12 11:44:19,275.0586,300.2188,1410.6719,13.109375
2019-07-12 11:44:18,275.0586,300.2266,1410.6719,13.101562
2019-07-12 11:44:17,275.0586,300.2266,1410.6719,13.101562
2019-07-12 11:44:16,275.0586,300.2266,1410.6719,13.101562
2019-07-12 11:44:15,275.0586,300.2266,1410.6719,13.101562
2019-07-12 11:44:14,275.0586,300.2266,1410.6719,13.101562
2019-07-12 11:44:13,275.0586,300.2266,1410.6719,13.101562
2019-07-12 11:44:12,275.0586,300.2344,1410.6641,13.101562
2019-07-12 11:44:11,275.0586,300.2344,1410.6641,13.101562
2019-07-12 11:44:10,275.0586,300.2344,1410.6719,13.09375
2019-07-12 11:44:09,275.0586,300.2344,1410.6719,13.09375
2019-07-12 11:44:08,275.0586,300.2344,1410.6719,13.09375
2019-07-12 11:44:07,275.0586,300.2344,1410.6719,13.09375
2019-07-12 11:44:06,275.1797,300.1133,1410.6719,13.09375
2019-07-12 11:44:05,275.1797,300.1211,1410.6641,13.09375
2019-07-12 11:44:04,275.1797,300.1211,1410.6641,13.09375
2019-07-12 11:44:03,275.1797,300.1211,1410.6641,13.09375
2019-07-12 11:44:02,275.1797,300.1289,1410.6562,13.09375
2019-07-12 11:44:01,275.1797,300.1289,1410.6641,13.085938
2019-07-12 11:44:00,275.1797,300.1289,1410.6641,13.085938
2019-07-12 11:43:59,275.1797,300.1289,1410.6641,13.085938
2019-07-12 11:43:58,275.1797,300.1289,1410.6641,13.085938
2019-07-12 11:43:57,275.1797,300.1328,1410.6602,13.085938
2019-07-12 11:43:56,275.1797,300.1328,1410.6602,13.085938
2019-07-12 11:43:55,275.1797,300.1328,1410.6602,13.085938
2019-07-12 11:43:54,275.1797,300.1289,1410.6641,13.085938
2019-07-12 11:43:53,275.1797,300.1289,1410.6641,13.085938
2019-07-12 11:43:52,275.1797,300.1289,1410.6641,13.085938
2019-07-12 11:43:51,275.1797,300.1289,1410.6641,13.085938
2019-07-12 11:43:50,275.1797,300.1289,1410.6641,13.085938
2019-07-12 11:43:49,275.1797,300.1289,1410.6641,13.085938
2019-07-12 11:43:48,275.1797,300.1289,1410.6719,13.078125
2019-07-12 11:43:47,275.1797,300.1289,1410.6719,13.078125
2019-07-12 11:43:46,275.1797,300.1289,1410.6719,13.078125
2019-07-12 11:43:45,275.1797,300.1289,1410.6719,13.078125
2019-07-12 11:43:44,275.1797,300.1289,1410.6719,13.078125
2019-07-12 11:43:43,275.1797,300.1289,1410.6719,13.078125
2019-07-12 11:43:42,275.1797,300.1289,1410.6719,13.078125
2019-07-12 11:43:41,275.1797,300.1289,1410.6719,13.078125
2019-07-12 11:43:40,275.1797,300.1328,1410.668,13.078125
2019-07-12 11:43:39,275.1797,300.1328,1410.6758,13.070312
2019-07-12 11:43:38,275.1797,300.1328,1410.6758,13.070312
2019-07-12 11:43:37,275.1797,300.1406,1410.668,13.070312
2019-07-12 11:43:36,275.3008,300.0195,1410.668,13.070312
2019-07-12 11:43:35,275.3008,300.0195,1410.668,13.070312
2019-07-12 11:43:34,275.6641,299.6602,1410.6641,13.070312
2019-07-12 11:43:33,276.2695,299.0742,1410.6523,13.0625
2019-07-12 11:43:32,276.5117,298.832,1410.6523,13.0625
2019-07-12 11:43:31,276.6328,298.7109,1410.6523,13.0625
2019-07-12 11:43:30,277.1172,298.2305,1410.6484,13.0625
2019-07-12 11:43:29,277.4805,297.9023,1410.6133,13.0625
2019-07-12 11:43:28,277.9648,297.418,1410.6133,13.0625
2019-07-12 11:43:27,278.4492,296.9336,1410.6211,13.054688
2019-07-12 11:43:26,278.5703,296.8203,1410.6133,13.054688
2019-07-12 11:43:25,278.6914,296.6992,1410.6133,13.054688
2019-07-12 11:43:24,278.8125,296.582,1410.6094,13.054688
2019-07-12 11:43:23,278.9336,296.4609,1410.6094,13.054688
2019-07-12 11:43:22,278.9336,296.4609,1410.6094,13.054688
2019-07-12 11:43:21,278.9336,296.4609,1410.6094,13.054688
2019-07-12 11:43:20,278.9336,296.4609,1410.6094,13.054688
2019-07-12 11:43:19,278.9336,296.4688,1410.6016,13.054688
2019-07-12 11:43:18,278.9336,296.4688,1410.6094,13.046875
2019-07-12 11:43:17,278.9336,296.4688,1410.6094,13.046875
2019-07-12 11:43:16,278.9336,296.4688,1410.6094,13.046875
2019-07-12 11:43:15,278.9336,296.4688,1410.6094,13.046875
2019-07-12 11:43:14,278.9336,296.4688,1410.6094,13.046875
2019-07-12 11:43:13,278.9336,296.4688,1410.6094,13.046875
2019-07-12 11:43:12,278.9336,296.4688,1410.6094,13.046875
2019-07-12 11:43:11,278.9336,296.4766,1410.6016,13.046875
2019-07-12 11:43:10,278.9336,296.4766,1410.6094,13.039062
2019-07-12 11:43:09,278.9336,296.4766,1410.6094,13.039062
2019-07-12 11:43:08,278.9336,296.4766,1410.6094,13.039062
2019-07-12 11:43:07,278.9336,296.4766,1410.6094,13.039062
2019-07-12 11:43:06,278.9336,296.4766,1410.6094,13.039062
2019-07-12 11:43:05,278.9336,296.4766,1410.6094,13.039062
2019-07-12 11:43:04,278.9336,296.4805,1410.6055,13.039062
2019-07-12 11:43:03,278.9336,296.4805,1410.6055,13.039062
2019-07-12 11:43:02,278.9336,296.4805,1410.6055,13.039062
2019-07-12 11:43:01,278.9336,296.4805,1410.6055,13.039062
2019-07-12 11:43:00,278.9336,296.4805,1410.6133,13.03125
2019-07-12 11:42:59,278.9336,296.4805,1410.6133,13.03125
2019-07-12 11:42:58,278.9336,296.4805,1410.6133,13.03125
2019-07-12 11:42:57,278.9336,296.4805,1410.6133,13.03125
2019-07-12 11:42:56,278.9336,296.4805,1410.6133,13.03125
2019-07-12 11:42:55,278.9336,296.4805,1410.6133,13.03125
2019-07-12 11:42:54,278.9336,296.4805,1410.6133,13.03125
2019-07-12 11:42:53,278.9336,296.4805,1410.6133,13.03125
2019-07-12 11:42:52,278.9336,296.4805,1410.6133,13.03125
2019-07-12 11:42:51,278.9336,296.4805,1410.6133,13.03125
2019-07-12 11:42:50,278.9336,296.4805,1410.6133,13.03125
2019-07-12 11:42:49,278.9336,296.4805,1410.6133,13.03125
2019-07-12 11:42:48,278.9336,296.4922,1410.6094,13.023438
2019-07-12 11:42:47,278.9336,296.4961,1410.6055,13.023438
2019-07-12 11:42:46,278.9336,296.4961,1410.6055,13.023438
2019-07-12 11:42:45,278.8945,296.5352,1410.6055,13.023438
2019-07-12 11:42:44,278.9336,296.4961,1410.6055,13.023438
2019-07-12 11:42:43,278.9023,296.5273,1410.6055,13.023438
2019-07-12 11:42:42,276.3594,299.0742,1410.6016,13.023438
2019-07-12 11:42:41,276.3594,299.0742,1410.6016,13.023438
2019-07-12 11:42:40,276.3594,299.0742,1410.6016,13.023438
2019-07-12 11:42:39,276.3594,299.0742,1410.6016,13.023438
2019-07-12 11:42:38,276.3594,299.0703,1410.6055,13.023438
2019-07-12 11:42:37,276.3594,299.0703,1410.6055,13.023438
2019-07-12 11:42:36,276.3594,299.0703,1410.6055,13.023438
2019-07-12 11:42:35,276.3594,299.0703,1410.6055,13.023438
2019-07-12 11:42:34,276.3594,299.0781,1410.5977,13.023438
2019-07-12 11:42:33,276.3594,299.0781,1410.6055,13.015625
2019-07-12 11:42:32,276.3594,299.0781,1410.6055,13.015625
2019-07-12 11:42:31,276.3594,299.0781,1410.6055,13.015625
2019-07-12 11:42:30,276.3594,299.0781,1410.6055,13.015625
2019-07-12 11:42:29,276.3594,299.0781,1410.6055,13.015625
2019-07-12 11:42:28,276.3594,299.0781,1410.6055,13.015625
2019-07-12 11:42:27,276.3594,299.082,1410.6016,13.015625
2019-07-12 11:42:26,276.3594,299.0781,1410.6055,13.015625
2019-07-12 11:42:25,276.3594,299.0781,1410.6055,13.015625
2019-07-12 11:42:24,276.3594,299.0781,1410.6055,13.015625
2019-07-12 11:42:23,276.3594,299.0781,1410.6055,13.015625
2019-07-12 11:42:22,276.3594,299.0781,1410.6055,13.015625
2019-07-12 11:42:21,276.3594,299.0781,1410.6055,13.015625
2019-07-12 11:42:20,276.3594,299.0781,1410.6055,13.015625
2019-07-12 11:42:19,276.3594,299.0781,1410.6055,13.015625
2019-07-12 11:42:18,276.3594,299.0781,1410.6133,13.007812
2019-07-12 11:42:17,276.3594,299.0781,1410.6133,13.007812
2019-07-12 11:42:16,276.3594,299.0781,1410.6133,13.007812
2019-07-12 11:42:15,276.3594,299.0781,1410.6133,13.007812
2019-07-12 11:42:14,276.3594,299.0781,1410.6133,13.007812
2019-07-12 11:42:13,276.2383,299.1992,1410.6133,13.007812
2019-07-12 11:42:12,276.2383,299.1992,1410.6133,13.007812
2019-07-12 11:42:11,276.2383,299.1992,1410.6133,13.007812
2019-07-12 11:42:10,276.2383,299.1992,1410.6133,13.007812
2019-07-12 11:42:09,276.2383,299.1992,1410.6133,13.007812
2019-07-12 11:42:08,276.2383,299.1992,1410.6133,13.007812
2019-07-12 11:42:07,276.2383,299.207,1410.6055,13.007812
2019-07-12 11:42:06,276.2383,299.207,1410.6055,13.007812
2019-07-12 11:42:05,276.2383,299.207,1410.6133,13
2019-07-12 11:42:04,276.2383,299.207,1410.6133,13
2019-07-12 11:42:03,276.2383,299.2148,1410.6055,13
2019-07-12 11:42:02,276.2383,299.2148,1410.6055,13
2019-07-12 11:42:01,276.2383,299.2109,1410.6094,13
2019-07-12 11:42:00,276.2383,299.2109,1410.6094,13
2019-07-12 11:41:59,276.2383,299.2227,1410.5977,13
2019-07-12 11:41:58,276.2383,299.2227,1410.5977,13
2019-07-12 11:41:57,276.2383,299.2227,1410.5977,13
2019-07-12 11:41:56,276.2383,299.2227,1410.5977,13
2019-07-12 11:41:55,276.2383,299.2227,1410.6055,12.992188
2019-07-12 11:41:54,276.2383,299.2227,1410.6055,12.992188
2019-07-12 11:41:53,276.2383,299.2227,1410.6055,12.992188
2019-07-12 11:41:52,276.2383,299.2227,1410.6055,12.992188
2019-07-12 11:41:51,276.2383,299.2227,1410.6055,12.992188
2019-07-12 11:41:50,276.2383,299.2227,1410.6055,12.992188
2019-07-12 11:41:49,276.2383,299.2227,1410.6055,12.992188
2019-07-12 11:41:48,276.2383,299.2227,1410.6055,12.992188
2019-07-12 11:41:47,276.2383,299.2227,1410.6055,12.992188
2019-07-12 11:41:46,276.2383,299.2227,1410.6055,12.992188
2019-07-12 11:41:45,276.2383,299.2305,1410.6055,12.984375
2019-07-12 11:41:44,276.2383,299.2344,1410.6016,12.984375
2019-07-12 11:41:43,276.2383,299.2344,1410.6016,12.984375
2019-07-12 11:41:42,276.2383,299.2344,1410.6016,12.984375
2019-07-12 11:41:41,276.2383,299.2344,1410.6016,12.984375
2019-07-12 11:41:40,276.2383,299.2305,1410.6055,12.984375
2019-07-12 11:41:39,276.2383,299.2305,1410.6055,12.984375
2019-07-12 11:41:38,276.2383,299.2305,1410.6055,12.984375
2019-07-12 11:41:37,276.2383,299.2305,1410.6055,12.984375
2019-07-12 11:41:36,276.2383,299.2383,1410.5977,12.984375
2019-07-12 11:41:35,276.2383,299.2383,1410.6055,12.976562
2019-07-12 11:41:34,276.2383,299.2383,1410.6055,12.976562
2019-07-12 11:41:33,276.2383,299.2383,1410.6055,12.976562
2019-07-12 11:41:32,276.2383,299.2383,1410.6055,12.976562
2019-07-12 11:41:31,276.2383,299.2383,1410.6055,12.976562
2019-07-12 11:41:30,276.2383,299.2383,1410.6055,12.976562
2019-07-12 11:41:29,276.2383,299.2383,1410.6055,12.976562
2019-07-12 11:41:28,276.2383,299.2383,1410.6055,12.976562
2019-07-12 11:41:27,276.2383,299.2383,1410.6055,12.976562
2019-07-12 11:41:26,276.2383,299.2383,1410.6055,12.976562
2019-07-12 11:41:25,276.2383,299.2461,1410.6055,12.96875
2019-07-12 11:41:24,276.2383,299.2461,1410.6055,12.96875
2019-07-12 11:41:23,276.2383,299.25,1410.6016,12.96875
2019-07-12 11:41:22,276.2383,299.25,1410.6016,12.96875
2019-07-12 11:41:21,276.2383,299.25,1410.6016,12.96875
2019-07-12 11:41:20,276.2383,299.25,1410.6016,12.96875
2019-07-12 11:41:19,276.2383,299.25,1410.6016,12.96875
2019-07-12 11:41:18,276.2383,299.25,1410.6016,12.96875
2019-07-12 11:41:17,276.2383,299.25,1410.6016,12.96875
2019-07-12 11:41:16,276.2383,299.25,1410.6016,12.96875
2019-07-12 11:41:15,276.2383,299.2578,1410.6016,12.960938
2019-07-12 11:41:14,276.2383,299.2578,1410.6016,12.960938
2019-07-12 11:41:13,276.2383,299.2578,1410.6016,12.960938
2019-07-12 11:41:12,276.2383,299.2578,1410.6016,12.960938
2019-07-12 11:41:11,276.2383,299.2578,1410.6016,12.960938
2019-07-12 11:41:10,276.2383,299.2578,1410.6016,12.960938
2019-07-12 11:41:09,276.2383,299.2578,1410.6016,12.960938
2019-07-12 11:41:08,276.2383,299.2578,1410.6016,12.960938
2019-07-12 11:41:07,276.2383,299.2656,1410.5938,12.960938
2019-07-12 11:41:06,276.2383,299.2656,1410.5938,12.960938
2019-07-12 11:41:05,276.2383,299.2656,1410.6016,12.953125
2019-07-12 11:41:04,276.2383,299.2656,1410.6016,12.953125
2019-07-12 11:41:03,276.2383,299.2656,1410.6016,12.953125
2019-07-12 11:41:02,276.2383,299.2656,1410.6016,12.953125
2019-07-12 11:41:01,276.2383,299.2656,1410.6016,12.953125
2019-07-12 11:41:00,276.2383,299.2617,1410.6055,12.953125
2019-07-12 11:40:59,276.2383,299.2617,1410.6055,12.953125
2019-07-12 11:40:58,276.2383,299.2617,1410.6055,12.953125
2019-07-12 11:40:57,276.2383,299.2617,1410.6055,12.953125
2019-07-12 11:40:56,276.2383,299.2695,1410.5977,12.953125
2019-07-12 11:40:55,276.2383,299.2695,1410.6055,12.945312
2019-07-12 11:40:54,276.2383,299.2695,1410.6055,12.945312
2019-07-12 11:40:53,276.2383,299.2695,1410.6055,12.945312
2019-07-12 11:40:52,276.2383,299.2695,1410.6055,12.945312
2019-07-12 11:40:51,276.2383,299.2695,1410.6055,12.945312
2019-07-12 11:40:50,276.2383,299.2695,1410.6055,12.945312
2019-07-12 11:40:49,276.2383,299.2695,1410.6055,12.945312
2019-07-12 11:40:48,276.2383,299.2773,1410.5977,12.945312
2019-07-12 11:40:47,276.2383,299.2773,1410.6055,12.9375
2019-07-12 11:40:46,276.2383,299.2773,1410.6055,12.9375
2019-07-12 11:40:45,276.2383,299.2773,1410.6055,12.9375
2019-07-12 11:40:44,276.2383,299.2773,1410.6055,12.9375
2019-07-12 11:40:43,276.2383,299.2773,1410.6055,12.9375
2019-07-12 11:40:42,276.2383,299.2891,1410.5938,12.9375
2019-07-12 11:40:41,276.1172,299.4102,1410.5938,12.9375
2019-07-12 11:40:40,276.1172,299.4102,1410.6016,12.929688
2019-07-12 11:40:39,276.1172,299.4102,1410.6016,12.929688
2019-07-12 11:40:38,276.1172,299.418,1410.5938,12.929688
2019-07-12 11:40:37,276.1172,299.418,1410.5938,12.929688
2019-07-12 11:40:36,276.1172,299.418,1410.5938,12.929688
2019-07-12 11:40:35,276.1172,299.418,1410.5938,12.929688
2019-07-12 11:40:34,276.1172,299.418,1410.5938,12.929688
2019-07-12 11:40:33,276.1172,299.418,1410.5938,12.929688
2019-07-12 11:40:32,276.1172,299.418,1410.5938,12.929688
2019-07-12 11:40:31,276.1172,299.418,1410.5938,12.929688
2019-07-12 11:40:30,276.1172,299.418,1410.5938,12.929688
2019-07-12 11:40:29,276.1172,299.418,1410.5938,12.929688
2019-07-12 11:40:28,276.1172,299.418,1410.6016,12.921875
2019-07-12 11:40:27,276.1172,299.418,1410.6016,12.921875
2019-07-12 11:40:26,276.1172,299.418,1410.6016,12.921875
2019-07-12 11:40:25,276.1172,299.418,1410.6016,12.921875
2019-07-12 11:40:24,276.1172,299.418,1410.6016,12.921875
2019-07-12 11:40:23,276.0781,299.4609,1410.5977,12.921875
2019-07-12 11:40:22,276.1172,299.4219,1410.5977,12.921875
2019-07-12 11:40:21,276.1172,299.4219,1410.5977,12.921875
2019-07-12 11:40:20,276.1172,299.4219,1410.5977,12.921875
2019-07-12 11:40:19,276.1172,299.4297,1410.5898,12.921875
2019-07-12 11:40:18,276.1172,299.4297,1410.5977,12.914062
2019-07-12 11:40:17,276.1172,299.4297,1410.5977,12.914062
2019-07-12 11:40:16,276.1992,299.3438,1410.6016,12.914062
2019-07-12 11:40:15,276.1172,299.4258,1410.6016,12.914062
2019-07-12 11:40:14,276.2383,299.3047,1410.6016,12.914062
2019-07-12 11:40:13,276.2383,299.3047,1410.6016,12.914062
2019-07-12 11:40:12,275.7539,299.7852,1410.6055,12.914062
2019-07-12 11:40:11,275.875,299.6641,1410.6055,12.914062
2019-07-12 11:40:10,275.875,299.6641,1410.6055,12.914062
2019-07-12 11:40:09,275.7539,299.7852,1410.6055,12.914062
2019-07-12 11:40:08,275.7539,299.7812,1410.6094,12.914062
2019-07-12 11:40:07,275.7539,299.7812,1410.6094,12.914062
2019-07-12 11:40:06,275.7539,299.7812,1410.6094,12.914062
2019-07-12 11:40:05,275.7539,299.7812,1410.6094,12.914062
2019-07-12 11:40:04,275.7539,299.7812,1410.6094,12.914062
2019-07-12 11:40:03,275.7539,299.7812,1410.6094,12.914062
2019-07-12 11:40:02,275.7539,299.7812,1410.6094,12.914062
2019-07-12 11:40:01,275.7539,299.7891,1410.6094,12.90625
2019-07-12 11:40:00,275.7539,299.7891,1410.6094,12.90625
2019-07-12 11:39:59,275.7539,299.7891,1410.6094,12.90625
2019-07-12 11:39:58,275.7539,299.793,1410.6055,12.90625
2019-07-12 11:39:57,275.6328,299.9141,1410.6055,12.90625
2019-07-12 11:39:56,275.6328,299.9141,1410.6055,12.90625
2019-07-12 11:39:55,275.6328,299.9141,1410.6055,12.90625
2019-07-12 11:39:54,275.6328,299.9219,1410.5977,12.90625
2019-07-12 11:39:53,275.6328,299.9219,1410.5977,12.90625
2019-07-12 11:39:52,275.6328,299.9219,1410.6055,12.898438
2019-07-12 11:39:51,275.6328,299.9219,1410.6055,12.898438
2019-07-12 11:39:50,275.6328,299.9219,1410.6055,12.898438
2019-07-12 11:39:49,275.6328,299.9219,1410.6055,12.898438
2019-07-12 11:39:48,275.6328,299.9219,1410.6055,12.898438
2019-07-12 11:39:47,275.6328,299.9219,1410.6055,12.898438
2019-07-12 11:39:46,275.6328,299.9258,1410.6016,12.898438
2019-07-12 11:39:45,275.6328,299.9336,1410.6016,12.890625
2019-07-12 11:39:44,275.6328,299.9336,1410.6016,12.890625
2019-07-12 11:39:43,275.6328,299.9336,1410.6016,12.890625
2019-07-12 11:39:42,275.6016,299.9648,1410.6016,12.890625
2019-07-12 11:39:41,275.6016,299.9648,1410.6016,12.890625
2019-07-12 11:39:40,275.6016,299.9648,1410.6016,12.890625
2019-07-12 11:39:39,275.4805,300.0859,1410.6016,12.890625
2019-07-12 11:39:38,275.6016,299.9648,1410.6016,12.890625
2019-07-12 11:39:37,275.6016,299.9648,1410.6016,12.890625
2019-07-12 11:39:36,275.6016,299.9648,1410.6016,12.890625
2019-07-12 11:39:35,275.6016,299.9727,1410.6016,12.882812
2019-07-12 11:39:34,275.6016,299.9727,1410.6016,12.882812
2019-07-12 11:39:33,275.6016,299.9727,1410.6016,12.882812
2019-07-12 11:39:32,275.6016,299.9648,1410.6094,12.882812
2019-07-12 11:39:31,275.6016,299.9648,1410.6094,12.882812
2019-07-12 11:39:30,275.6016,299.9648,1410.6094,12.882812
2019-07-12 11:39:29,275.6016,299.9648,1410.6094,12.882812
2019-07-12 11:39:28,275.6016,299.9648,1410.6094,12.882812
2019-07-12 11:39:27,275.6016,299.9648,1410.6094,12.882812
2019-07-12 11:39:26,275.6016,299.9766,1410.5977,12.882812
2019-07-12 11:39:25,275.6016,299.9766,1410.6055,12.875
2019-07-12 11:39:24,275.6016,300,1410.582,12.875
2019-07-12 11:39:23,275.5625,300.0391,1410.582,12.875
2019-07-12 11:39:22,275.4805,300.1211,1410.582,12.875
2019-07-12 11:39:21,275.4805,300.1211,1410.582,12.875
2019-07-12 11:39:20,275.4805,300.1211,1410.582,12.875
2019-07-12 11:39:19,275.6016,300,1410.582,12.875
2019-07-12 11:39:18,275.6016,300,1410.582,12.875
2019-07-12 11:39:17,275.6016,300,1410.582,12.875
2019-07-12 11:39:16,275.7227,299.8789,1410.582,12.875
2019-07-12 11:39:15,275.7227,299.8867,1410.582,12.867188
2019-07-12 11:39:14,275.7227,299.8867,1410.582,12.867188
2019-07-12 11:39:13,275.7227,299.8867,1410.582,12.867188
2019-07-12 11:39:12,275.7227,299.8867,1410.582,12.867188
2019-07-12 11:39:11,275.7227,299.8945,1410.5742,12.867188
2019-07-12 11:39:10,275.7227,299.8945,1410.5742,12.867188
2019-07-12 11:39:09,275.7227,299.8945,1410.5742,12.867188
2019-07-12 11:39:08,275.7227,299.8945,1410.5742,12.867188
2019-07-12 11:39:07,275.7227,299.8945,1410.5742,12.867188
2019-07-12 11:39:06,275.7227,299.9023,1410.5664,12.867188
2019-07-12 11:39:05,275.7227,299.9023,1410.5742,12.859375
2019-07-12 11:39:04,275.7227,299.9023,1410.5742,12.859375
2019-07-12 11:39:03,275.7227,299.9023,1410.5742,12.859375
2019-07-12 11:39:02,275.7227,299.9023,1410.5742,12.859375
2019-07-12 11:39:01,275.6016,300.0234,1410.5742,12.859375
2019-07-12 11:39:00,275.6016,300.0273,1410.5703,12.859375
2019-07-12 11:38:59,275.6016,300.0273,1410.5703,12.859375
2019-07-12 11:38:58,275.7227,299.9062,1410.5703,12.859375
2019-07-12 11:38:57,275.7227,299.9062,1410.5703,12.859375
2019-07-12 11:38:56,275.7227,299.9023,1410.5742,12.859375
2019-07-12 11:38:55,275.7227,299.9023,1410.5742,12.859375
2019-07-12 11:38:54,275.7227,299.9023,1410.5742,12.859375
2019-07-12 11:38:53,275.7227,299.9023,1410.5742,12.859375
2019-07-12 11:38:52,275.6016,300.0312,1410.5742,12.851562
2019-07-12 11:38:51,275.6016,300.0312,1410.5742,12.851562
2019-07-12 11:38:50,275.6016,300.0312,1410.5742,12.851562
2019-07-12 11:38:49,275.6016,300.0312,1410.5742,12.851562
2019-07-12 11:38:48,275.6016,300.0312,1410.5742,12.851562
2019-07-12 11:38:47,275.6016,300.0312,1410.5742,12.851562
2019-07-12 11:38:46,275.6016,300.0312,1410.5742,12.851562
2019-07-12 11:38:45,275.6016,300.0312,1410.5742,12.851562
2019-07-12 11:38:44,274.8516,300.7812,1410.5742,12.851562
2019-07-12 11:38:43,273.7852,301.8555,1410.5742,12.84375
2019-07-12 11:38:42,273.7852,301.8555,1410.5742,12.84375
2019-07-12 11:38:41,273.7852,301.8594,1410.5703,12.84375
2019-07-12 11:38:40,273.7852,301.8594,1410.5703,12.84375
2019-07-12 11:38:39,273.7852,301.875,1410.5547,12.84375
2019-07-12 11:38:38,273.7852,301.875,1410.5547,12.84375
2019-07-12 11:38:37,273.7852,301.875,1410.5547,12.84375
2019-07-12 11:38:36,273.7852,301.875,1410.5547,12.84375
2019-07-12 11:38:35,273.7852,301.875,1410.5547,12.84375
2019-07-12 11:38:34,273.7852,301.8828,1410.5469,12.84375
2019-07-12 11:38:33,273.7773,301.8906,1410.5547,12.835938
2019-07-12 11:38:32,273.7773,301.8906,1410.5547,12.835938
2019-07-12 11:38:31,273.7773,301.8906,1410.5547,12.835938
2019-07-12 11:38:30,273.7773,301.8906,1410.5547,12.835938
2019-07-12 11:38:29,273.7773,301.8906,1410.5547,12.835938
2019-07-12 11:38:28,273.7773,301.8906,1410.5547,12.835938
2019-07-12 11:38:27,273.7773,301.8906,1410.5547,12.835938
2019-07-12 11:38:26,273.8984,301.7695,1410.5547,12.835938
2019-07-12 11:38:25,273.7773,301.8906,1410.5547,12.835938
2019-07-12 11:38:24,273.7773,301.8906,1410.5547,12.835938
2019-07-12 11:38:23,273.7773,301.8906,1410.5547,12.835938
2019-07-12 11:38:22,273.7773,301.8906,1410.5547,12.835938
2019-07-12 11:38:21,273.7773,301.8906,1410.5547,12.835938
2019-07-12 11:38:20,273.7773,301.8867,1410.5586,12.835938
2019-07-12 11:38:19,273.7773,301.8867,1410.5586,12.835938
2019-07-12 11:38:18,273.7773,301.8945,1410.5508,12.835938
2019-07-12 11:38:17,273.7773,301.8945,1410.5586,12.828125
2019-07-12 11:38:16,273.7773,301.8945,1410.5586,12.828125
2019-07-12 11:38:15,273.7773,301.8945,1410.5586,12.828125
2019-07-12 11:38:14,273.7773,301.8945,1410.5586,12.828125
2019-07-12 11:38:13,273.7773,301.8945,1410.5586,12.828125
2019-07-12 11:38:12,273.7773,301.8945,1410.5586,12.828125
2019-07-12 11:38:11,273.7773,301.9023,1410.5586,12.820312
2019-07-12 11:38:10,273.7773,301.9023,1410.5586,12.820312
2019-07-12 11:38:09,273.7773,301.9023,1410.5586,12.820312
2019-07-12 11:38:08,273.7773,301.9023,1410.5586,12.820312
2019-07-12 11:38:07,273.7773,301.9023,1410.5586,12.820312
2019-07-12 11:38:06,273.7773,301.9023,1410.5586,12.820312
2019-07-12 11:38:05,273.7773,301.9023,1410.5586,12.820312
2019-07-12 11:38:04,273.7773,301.9102,1410.5508,12.820312
2019-07-12 11:38:03,273.7773,301.9102,1410.5586,12.8125
2019-07-12 11:38:02,273.7773,301.9102,1410.5586,12.8125
2019-07-12 11:38:01,273.8984,301.7891,1410.5586,12.8125
2019-07-12 11:38:00,273.8984,301.7891,1410.5586,12.8125
2019-07-12 11:37:59,273.7773,301.9102,1410.5586,12.8125
2019-07-12 11:37:58,273.7773,301.9102,1410.5586,12.8125
2019-07-12 11:37:57,273.7773,301.9102,1410.5586,12.8125
2019-07-12 11:37:56,273.7773,301.9102,1410.5586,12.8125
2019-07-12 11:37:55,273.7773,301.9102,1410.5586,12.8125
2019-07-12 11:37:54,273.7773,301.9102,1410.5586,12.8125
2019-07-12 11:37:53,273.7773,301.9102,1410.5586,12.8125
2019-07-12 11:37:52,273.7773,301.9102,1410.5586,12.8125
2019-07-12 11:37:51,273.7773,301.9102,1410.5586,12.8125
2019-07-12 11:37:50,273.7773,301.9102,1410.5586,12.8125
2019-07-12 11:37:49,273.7773,301.9102,1410.5586,12.8125
2019-07-12 11:37:48,273.7773,301.9102,1410.5586,12.8125
2019-07-12 11:37:47,273.7773,301.9219,1410.5547,12.804688
2019-07-12 11:37:46,273.7773,301.9219,1410.5547,12.804688
2019-07-12 11:37:45,273.7773,301.9219,1410.5547,12.804688
2019-07-12 11:37:44,273.7773,301.9219,1410.5547,12.804688
2019-07-12 11:37:43,273.7773,301.9258,1410.5508,12.804688
2019-07-12 11:37:42,273.7773,301.9219,1410.5547,12.804688
2019-07-12 11:37:41,273.7773,301.9297,1410.5547,12.796875
2019-07-12 11:37:40,273.7773,301.9297,1410.5547,12.796875
2019-07-12 11:37:39,273.7773,301.9258,1410.5586,12.796875
2019-07-12 11:37:38,273.7773,301.9258,1410.5586,12.796875
2019-07-12 11:37:37,273.7773,301.9258,1410.5586,12.796875
2019-07-12 11:37:36,273.7773,301.9258,1410.5586,12.796875
2019-07-12 11:37:35,273.7773,301.9258,1410.5586,12.796875
2019-07-12 11:37:34,273.7773,301.9258,1410.5586,12.796875
2019-07-12 11:37:33,273.7773,301.9258,1410.5586,12.796875
2019-07-12 11:37:32,273.7773,301.9336,1410.5508,12.796875
2019-07-12 11:37:31,273.7773,301.9336,1410.5586,12.789062
2019-07-12 11:37:30,273.7773,301.9336,1410.5586,12.789062
2019-07-12 11:37:29,273.7773,301.9336,1410.5586,12.789062
2019-07-12 11:37:28,273.7773,301.9336,1410.5586,12.789062
2019-07-12 11:37:27,273.7773,301.9336,1410.5586,12.789062
2019-07-12 11:37:26,273.8984,301.8125,1410.5586,12.789062
2019-07-12 11:37:25,273.8984,301.8164,1410.5547,12.789062
2019-07-12 11:37:24,273.8984,301.8164,1410.5547,12.789062
2019-07-12 11:37:23,273.8984,301.8164,1410.5547,12.789062
2019-07-12 11:37:22,273.8984,301.8164,1410.5547,12.789062
2019-07-12 11:37:21,273.8984,301.8164,1410.5547,12.789062
2019-07-12 11:37:20,273.8984,301.8242,1410.5469,12.789062
2019-07-12 11:37:19,273.8984,301.8242,1410.5469,12.789062
2019-07-12 11:37:18,273.8984,301.8242,1410.5547,12.78125
2019-07-12 11:37:17,273.8984,301.8242,1410.5547,12.78125
2019-07-12 11:37:16,273.8984,301.8242,1410.5547,12.78125
2019-07-12 11:37:15,273.8984,301.8242,1410.5547,12.78125
2019-07-12 11:37:14,273.8984,301.8242,1410.5547,12.78125
2019-07-12 11:37:13,273.8984,301.8242,1410.5547,12.78125
2019-07-12 11:37:12,273.7773,301.9453,1410.5547,12.78125
2019-07-12 11:37:11,273.7773,301.9531,1410.5547,12.773438
2019-07-12 11:37:10,273.7773,301.9531,1410.5547,12.773438
2019-07-12 11:37:09,273.7773,301.9531,1410.5547,12.773438
2019-07-12 11:37:08,273.7773,301.9531,1410.5547,12.773438
2019-07-12 11:37:07,273.7773,301.9531,1410.5547,12.773438
2019-07-12 11:37:06,273.7773,301.9531,1410.5547,12.773438
2019-07-12 11:37:05,273.7773,301.957,1410.5508,12.773438
2019-07-12 11:37:04,273.7773,301.957,1410.5508,12.773438
2019-07-12 11:37:03,273.7773,301.957,1410.5508,12.773438
2019-07-12 11:37:02,273.7773,301.957,1410.5508,12.773438
2019-07-12 11:37:01,273.7773,301.957,1410.5586,12.765625
2019-07-12 11:37:00,273.7773,301.957,1410.5586,12.765625
2019-07-12 11:36:59,273.7773,301.957,1410.5586,12.765625
2019-07-12 11:36:58,273.7773,301.957,1410.5586,12.765625
2019-07-12 11:36:57,273.7773,301.957,1410.5586,12.765625
2019-07-12 11:36:56,273.7773,301.957,1410.5586,12.765625
2019-07-12 11:36:55,273.7773,301.9609,1410.5547,12.765625
2019-07-12 11:36:54,273.7773,301.9609,1410.5586,12.761719
2019-07-12 11:36:53,273.7773,301.9609,1410.5586,12.761719
2019-07-12 11:36:52,273.7773,301.9609,1410.5586,12.761719
2019-07-12 11:36:51,273.7773,301.9609,1410.5586,12.761719
2019-07-12 11:36:50,273.7773,301.9609,1410.5586,12.761719
2019-07-12 11:36:49,273.7773,301.9688,1410.5508,12.761719
2019-07-12 11:36:48,273.7773,301.9688,1410.5586,12.753906
2019-07-12 11:36:47,273.7773,301.9688,1410.5586,12.753906
2019-07-12 11:36:46,273.7773,301.9688,1410.5586,12.753906
2019-07-12 11:36:45,274.0195,301.7266,1410.5586,12.753906
2019-07-12 11:36:44,274.0195,301.7266,1410.5586,12.753906
2019-07-12 11:36:43,274.0195,301.7305,1410.5547,12.753906
2019-07-12 11:36:42,274.0703,301.6875,1410.5469,12.753906
2019-07-12 11:36:41,273.9883,301.7695,1410.5547,12.746094
2019-07-12 11:36:40,273.9883,301.7695,1410.5547,12.746094
2019-07-12 11:36:39,273.9883,301.7695,1410.5547,12.746094
2019-07-12 11:36:38,273.9883,301.7695,1410.5547,12.746094
2019-07-12 11:36:37,273.9883,301.7695,1410.5547,12.746094
2019-07-12 11:36:36,273.9883,301.7695,1410.5547,12.746094
2019-07-12 11:36:35,273.9883,301.7695,1410.5547,12.746094
2019-07-12 11:36:34,273.9883,301.7695,1410.5547,12.746094
2019-07-12 11:36:33,273.9883,301.7695,1410.5547,12.746094
2019-07-12 11:36:32,273.9883,301.7695,1410.5547,12.746094
2019-07-12 11:36:31,273.9883,301.7695,1410.5625,12.738281
2019-07-12 11:36:30,273.9883,301.7695,1410.5625,12.738281
2019-07-12 11:36:29,273.9883,301.7695,1410.5625,12.738281
2019-07-12 11:36:28,273.9883,301.7695,1410.5625,12.738281
2019-07-12 11:36:27,273.9883,301.7695,1410.5625,12.738281
2019-07-12 11:36:26,273.9883,301.7695,1410.5625,12.738281
2019-07-12 11:36:25,273.9883,301.7695,1410.5625,12.738281
2019-07-12 11:36:24,273.9883,301.7695,1410.5625,12.738281
2019-07-12 11:36:23,273.9883,301.7695,1410.5625,12.738281
2019-07-12 11:36:22,273.9883,301.7695,1410.5625,12.738281
2019-07-12 11:36:21,273.9883,301.7695,1410.5625,12.738281
2019-07-12 11:36:20,273.9883,301.7695,1410.5625,12.738281
2019-07-12 11:36:19,273.9492,301.8242,1410.5469,12.738281
2019-07-12 11:36:18,273.8672,301.9062,1410.5547,12.730469
2019-07-12 11:36:17,273.8672,301.9062,1410.5547,12.730469
2019-07-12 11:36:16,273.8672,301.9062,1410.5547,12.730469
2019-07-12 11:36:15,273.8672,301.9062,1410.5547,12.730469
2019-07-12 11:36:14,273.7461,302.0273,1410.5547,12.730469
2019-07-12 11:36:13,267.8125,307.9609,1410.5547,12.730469
2019-07-12 11:36:12,267.8125,307.9609,1410.5547,12.730469
2019-07-12 11:36:11,267.8125,307.9688,1410.5469,12.730469
2019-07-12 11:36:10,267.8125,307.9766,1410.5469,12.722656
2019-07-12 11:36:09,267.8125,307.9766,1410.5469,12.722656
2019-07-12 11:36:08,267.8125,307.9766,1410.5469,12.722656
2019-07-12 11:36:07,267.8125,307.9766,1410.5469,12.722656
2019-07-12 11:36:06,267.8125,307.9805,1410.543,12.722656
2019-07-12 11:36:05,267.8125,307.9805,1410.543,12.722656
2019-07-12 11:36:04,267.8125,307.9805,1410.543,12.722656
2019-07-12 11:36:03,267.8125,307.9805,1410.543,12.722656
2019-07-12 11:36:02,267.8125,307.9805,1410.543,12.722656
2019-07-12 11:36:01,267.8125,307.9805,1410.543,12.722656
2019-07-12 11:36:00,267.8125,307.9805,1410.5508,12.714844
2019-07-12 11:35:59,267.8125,307.9805,1410.5508,12.714844
2019-07-12 11:35:58,267.8125,307.9805,1410.5508,12.714844
2019-07-12 11:35:57,267.6914,308.0977,1410.5547,12.714844
2019-07-12 11:35:56,267.6914,308.0977,1410.5547,12.714844
2019-07-12 11:35:55,267.6914,308.1016,1410.5508,12.714844
2019-07-12 11:35:54,267.6914,308.1016,1410.5508,12.714844
2019-07-12 11:35:53,267.6914,308.0977,1410.5547,12.714844
2019-07-12 11:35:52,267.6914,308.0977,1410.5547,12.714844
2019-07-12 11:35:51,267.6914,308.0977,1410.5547,12.714844
2019-07-12 11:35:50,267.6914,308.0977,1410.5547,12.714844
2019-07-12 11:35:49,267.6914,308.0977,1410.5547,12.714844
2019-07-12 11:35:48,267.6914,308.1055,1410.5547,12.707031
2019-07-12 11:35:47,267.8125,307.9844,1410.5547,12.707031
2019-07-12 11:35:46,267.8125,307.9844,1410.5547,12.707031
2019-07-12 11:35:45,267.8125,307.9844,1410.5547,12.707031
2019-07-12 11:35:44,267.6914,308.1055,1410.5547,12.707031
2019-07-12 11:35:43,267.6914,308.1094,1410.5508,12.707031
2019-07-12 11:35:42,267.5703,308.2305,1410.5508,12.707031
2019-07-12 11:35:41,267.5703,308.2305,1410.5508,12.707031
2019-07-12 11:35:40,267.5703,308.2422,1410.5469,12.699219
2019-07-12 11:35:39,267.5703,308.2422,1410.5469,12.699219
2019-07-12 11:35:38,267.5703,308.2422,1410.5469,12.699219
2019-07-12 11:35:37,267.5703,308.2422,1410.5469,12.699219
2019-07-12 11:35:36,267.5703,308.2422,1410.5469,12.699219
2019-07-12 11:35:35,267.5703,308.2422,1410.5469,12.699219
2019-07-12 11:35:34,267.5703,308.2461,1410.543,12.699219
2019-07-12 11:35:33,267.5703,308.2461,1410.543,12.699219
2019-07-12 11:35:32,267.5703,308.2461,1410.543,12.699219
2019-07-12 11:35:31,267.5703,308.2461,1410.543,12.699219
2019-07-12 11:35:30,267.5703,308.25,1410.5391,12.699219
2019-07-12 11:35:29,267.5703,308.25,1410.5391,12.699219
2019-07-12 11:35:28,267.5703,308.25,1410.5469,12.691406
2019-07-12 11:35:27,267.5703,308.25,1410.5469,12.691406
2019-07-12 11:35:26,267.5703,308.25,1410.5469,12.691406
2019-07-12 11:35:25,267.5703,308.2461,1410.5508,12.691406
2019-07-12 11:35:24,267.5703,308.2461,1410.5508,12.691406
2019-07-12 11:35:23,267.5703,308.2461,1410.5508,12.691406
2019-07-12 11:35:22,267.5703,308.2461,1410.5508,12.691406
2019-07-12 11:35:21,267.5703,308.2461,1410.5508,12.691406
2019-07-12 11:35:20,267.5703,308.2461,1410.5508,12.691406
2019-07-12 11:35:19,267.5703,308.2461,1410.5508,12.691406
2019-07-12 11:35:18,267.5703,308.2461,1410.5508,12.691406
2019-07-12 11:35:17,267.5703,308.2461,1410.5508,12.691406
2019-07-12 11:35:16,267.5703,308.2461,1410.5508,12.691406
2019-07-12 11:35:15,267.5703,308.2461,1410.5508,12.691406
2019-07-12 11:35:14,267.5703,308.2461,1410.5508,12.691406
2019-07-12 11:35:13,267.5703,308.2539,1410.5508,12.683594
2019-07-12 11:35:12,267.4492,308.375,1410.5508,12.683594
2019-07-12 11:35:11,267.5703,308.2539,1410.5508,12.683594
2019-07-12 11:35:10,267.5703,308.2539,1410.5508,12.683594
2019-07-12 11:35:09,267.5703,308.2539,1410.5508,12.683594
2019-07-12 11:35:08,267.5703,308.2539,1410.5508,12.683594
2019-07-12 11:35:07,267.5703,308.2578,1410.5469,12.683594
2019-07-12 11:35:06,267.5703,308.2578,1410.5469,12.683594
2019-07-12 11:35:05,267.5703,308.2539,1410.5508,12.683594
2019-07-12 11:35:04,267.5703,308.2539,1410.5508,12.683594
2019-07-12 11:35:03,267.5703,308.2617,1410.543,12.683594
2019-07-12 11:35:02,267.5703,308.2617,1410.543,12.683594
2019-07-12 11:35:01,267.6914,308.1406,1410.5508,12.675781
2019-07-12 11:35:00,267.6914,308.1406,1410.5508,12.675781
2019-07-12 11:34:59,267.6914,308.1406,1410.5508,12.675781
2019-07-12 11:34:58,267.6914,308.1406,1410.5508,12.675781
2019-07-12 11:34:57,267.5703,308.2617,1410.5508,12.675781
2019-07-12 11:34:56,267.5703,308.2617,1410.5508,12.675781
2019-07-12 11:34:55,267.5703,308.2617,1410.5508,12.675781
2019-07-12 11:34:54,267.5703,308.2617,1410.5508,12.675781
2019-07-12 11:34:53,267.5703,308.2617,1410.5508,12.675781
2019-07-12 11:34:52,267.5703,308.2617,1410.5508,12.675781
2019-07-12 11:34:51,267.5703,308.2617,1410.5508,12.675781
2019-07-12 11:34:50,267.5703,308.2617,1410.5508,12.675781
2019-07-12 11:34:49,267.5703,308.2617,1410.5508,12.675781
2019-07-12 11:34:48,267.5703,308.2695,1410.543,12.675781
2019-07-12 11:34:47,267.5703,308.2695,1410.5508,12.667969
2019-07-12 11:34:46,267.5703,308.2695,1410.5508,12.667969
2019-07-12 11:34:45,267.5703,308.2695,1410.5508,12.667969
2019-07-12 11:34:44,267.5703,308.2695,1410.5508,12.667969
2019-07-12 11:34:43,267.5703,308.2695,1410.5508,12.667969
2019-07-12 11:34:42,267.5703,308.2852,1410.5352,12.667969
2019-07-12 11:34:41,267.5703,308.2852,1410.543,12.660156
2019-07-12 11:34:40,267.5703,308.2773,1410.5508,12.660156
2019-07-12 11:34:39,267.5703,308.2773,1410.5508,12.660156
2019-07-12 11:34:38,267.5703,308.2773,1410.5508,12.660156
2019-07-12 11:34:37,267.4492,308.3984,1410.5508,12.660156
2019-07-12 11:34:36,267.4492,308.3984,1410.5508,12.660156
2019-07-12 11:34:35,267.4492,308.3984,1410.5508,12.660156
2019-07-12 11:34:34,267.4492,308.3984,1410.5508,12.660156
2019-07-12 11:34:33,267.4492,308.3984,1410.5508,12.660156
2019-07-12 11:34:32,267.5703,308.2773,1410.5508,12.660156
2019-07-12 11:34:31,267.5703,308.2812,1410.5469,12.660156
2019-07-12 11:34:30,267.5703,308.2812,1410.5469,12.660156
2019-07-12 11:34:29,267.5703,308.2812,1410.5469,12.660156
2019-07-12 11:34:28,267.5703,308.2812,1410.5508,12.65625
2019-07-12 11:34:27,267.5703,308.2812,1410.5508,12.65625
2019-07-12 11:34:26,267.5703,308.2812,1410.5508,12.65625
2019-07-12 11:34:25,267.5703,308.2812,1410.5508,12.65625
2019-07-12 11:34:24,267.5703,308.2812,1410.5508,12.65625
2019-07-12 11:34:23,267.5703,308.2812,1410.5508,12.65625
2019-07-12 11:34:22,267.5703,308.2812,1410.5508,12.65625
2019-07-12 11:34:21,267.5703,308.2812,1410.5508,12.65625
2019-07-12 11:34:20,267.5703,308.2812,1410.5508,12.65625
2019-07-12 11:34:19,267.5703,308.2812,1410.5508,12.65625
2019-07-12 11:34:18,267.5703,308.2891,1410.5508,12.648438
2019-07-12 11:34:17,267.5703,308.2891,1410.5508,12.648438
2019-07-12 11:34:16,267.5703,308.2891,1410.5508,12.648438
2019-07-12 11:34:15,267.5703,308.2891,1410.5508,12.648438
2019-07-12 11:34:14,267.5703,308.2891,1410.5508,12.648438
2019-07-12 11:34:13,267.5703,308.2891,1410.5508,12.648438
2019-07-12 11:34:12,267.5703,308.2891,1410.5508,12.648438
2019-07-12 11:34:11,267.4492,308.418,1410.5508,12.640625
2019-07-12 11:34:10,267.4492,308.418,1410.5508,12.640625
2019-07-12 11:34:09,267.5703,308.2969,1410.5508,12.640625
2019-07-12 11:34:08,267.5703,308.2969,1410.5508,12.640625
2019-07-12 11:34:07,267.5703,308.2969,1410.5508,12.640625
2019-07-12 11:34:06,267.5703,308.2969,1410.5508,12.640625
2019-07-12 11:34:05,267.5703,308.2891,1410.5586,12.640625
2019-07-12 11:34:04,267.5703,308.2891,1410.5586,12.640625
2019-07-12 11:34:03,267.5703,308.2891,1410.5586,12.640625
2019-07-12 11:34:02,267.5703,308.2891,1410.5586,12.640625
2019-07-12 11:34:01,267.5703,308.2891,1410.5586,12.640625
2019-07-12 11:34:00,267.4492,308.4102,1410.5586,12.640625
2019-07-12 11:33:59,267.4492,308.4102,1410.5586,12.640625
2019-07-12 11:33:58,267.4492,308.4102,1410.5586,12.640625
2019-07-12 11:33:57,267.4492,308.4102,1410.5586,12.640625
2019-07-12 11:33:56,267.4492,308.4102,1410.5586,12.640625
2019-07-12 11:33:55,267.4492,308.418,1410.5586,12.632812
2019-07-12 11:33:54,267.4492,308.418,1410.5586,12.632812
2019-07-12 11:33:53,267.4492,308.418,1410.5586,12.632812
2019-07-12 11:33:52,267.4492,308.418,1410.5586,12.632812
2019-07-12 11:33:51,267.4492,308.418,1410.5586,12.632812
2019-07-12 11:33:50,267.4492,308.4141,1410.5625,12.632812
2019-07-12 11:33:49,267.4492,308.4219,1410.5547,12.632812
2019-07-12 11:33:48,267.4492,308.4219,1410.5625,12.625
2019-07-12 11:33:47,267.4492,308.4219,1410.5625,12.625
2019-07-12 11:33:46,267.4492,308.4258,1410.5586,12.625
2019-07-12 11:33:45,267.207,308.6758,1410.5508,12.625
2019-07-12 11:33:44,265.1484,310.7344,1410.5508,12.625
2019-07-12 11:33:43,265.1484,310.7344,1410.5508,12.625
2019-07-12 11:33:42,265.1172,310.7656,1410.5508,12.625
2019-07-12 11:33:41,265.1172,310.7656,1410.5508,12.625
2019-07-12 11:33:40,265.1172,310.7656,1410.5508,12.625
2019-07-12 11:33:39,265.1172,310.7656,1410.5508,12.625
2019-07-12 11:33:38,265.1172,310.7656,1410.5508,12.625
2019-07-12 11:33:37,265.1172,310.7656,1410.5508,12.625
2019-07-12 11:33:36,265.1172,310.7656,1410.5508,12.625
2019-07-12 11:33:35,265.2383,310.6523,1410.543,12.625
2019-07-12 11:33:34,265.2383,310.6523,1410.5508,12.617188
2019-07-12 11:33:33,265.2383,310.6523,1410.5508,12.617188
2019-07-12 11:33:32,265.2383,310.6445,1410.5586,12.617188
2019-07-12 11:33:31,265.2383,310.6445,1410.5586,12.617188
2019-07-12 11:33:30,265.2383,310.6445,1410.5586,12.617188
2019-07-12 11:33:29,265.2383,310.6484,1410.5547,12.617188
2019-07-12 11:33:28,265.2383,310.6641,1410.5469,12.609375
2019-07-12 11:33:27,265.2383,310.6641,1410.5469,12.609375
2019-07-12 11:33:26,265.2383,310.6641,1410.5469,12.609375
2019-07-12 11:33:25,265.1172,310.793,1410.5391,12.609375
2019-07-12 11:33:24,265.2383,310.6719,1410.5391,12.609375
2019-07-12 11:33:23,264.957,310.9648,1410.5352,12.601562
2019-07-12 11:33:22,265.3594,310.5664,1410.5312,12.601562
2019-07-12 11:33:21,265.3594,310.5664,1410.5312,12.601562
2019-07-12 11:33:20,265.3594,310.5664,1410.5312,12.601562
2019-07-12 11:33:19,265.3594,310.5781,1410.5195,12.601562
2019-07-12 11:33:18,265.2383,310.6992,1410.5273,12.59375
2019-07-12 11:33:17,264.9961,310.9453,1410.5234,12.59375
2019-07-12 11:33:16,264.9961,310.9453,1410.5234,12.59375
2019-07-12 11:33:15,264.9961,310.9492,1410.5195,12.59375
2019-07-12 11:33:14,265.1172,310.8438,1410.5039,12.59375
2019-07-12 11:33:13,265.1172,310.8438,1410.5117,12.585938
2019-07-12 11:33:12,265.1172,310.8438,1410.5117,12.585938
2019-07-12 11:33:11,265.2383,310.7227,1410.5117,12.585938
2019-07-12 11:33:10,265.3242,310.6406,1410.5078,12.585938
2019-07-12 11:33:09,265.2812,310.6836,1410.5078,12.585938
2019-07-12 11:33:08,265.1172,310.8555,1410.5,12.585938
2019-07-12 11:33:07,265.1172,310.8594,1410.5039,12.578125
2019-07-12 11:33:06,265.1172,310.8594,1410.5039,12.578125
2019-07-12 11:33:05,265.1172,310.8594,1410.5039,12.578125
2019-07-12 11:33:04,265.1172,310.8594,1410.5039,12.578125
2019-07-12 11:33:03,265.1172,310.8594,1410.5039,12.578125
2019-07-12 11:33:02,265.1992,310.7773,1410.5039,12.578125
2019-07-12 11:33:01,265.1992,310.7773,1410.5039,12.578125
2019-07-12 11:33:00,265.2383,310.7383,1410.5039,12.578125
2019-07-12 11:32:59,265.2383,310.7383,1410.5039,12.578125
2019-07-12 11:32:58,265.2227,310.7578,1410.5078,12.570312
2019-07-12 11:32:57,265.2227,310.7578,1410.5078,12.570312
2019-07-12 11:32:56,265.3438,310.6367,1410.5078,12.570312
2019-07-12 11:32:55,265.3438,310.6367,1410.5078,12.570312
2019-07-12 11:32:54,265.3359,310.6406,1410.5117,12.570312
2019-07-12 11:32:53,265.3359,310.6523,1410.5,12.570312
2019-07-12 11:32:52,265.457,310.5312,1410.5078,12.5625
2019-07-12 11:32:51,265.457,310.5312,1410.5078,12.5625
2019-07-12 11:32:50,265.418,310.5781,1410.5,12.5625
2019-07-12 11:32:49,265.3672,310.6289,1410.5,12.5625
2019-07-12 11:32:48,265.4492,310.5508,1410.4961,12.5625
2019-07-12 11:32:47,265.4883,310.5195,1410.4883,12.5625
2019-07-12 11:32:46,265.6094,310.4023,1410.4922,12.554688
2019-07-12 11:32:45,265.6094,310.4062,1410.4883,12.554688
2019-07-12 11:32:44,265.6094,310.4062,1410.4883,12.554688
2019-07-12 11:32:43,265.6094,310.4102,1410.4844,12.554688
2019-07-12 11:32:42,265.6094,310.4102,1410.4844,12.554688
2019-07-12 11:32:41,265.6094,310.4219,1410.4805,12.546875
2019-07-12 11:32:40,265.4883,310.5469,1410.4766,12.546875
2019-07-12 11:32:39,265.4883,310.5547,1410.4688,12.546875
2019-07-12 11:32:38,265.8516,310.1953,1410.4648,12.546875
2019-07-12 11:32:37,265.8516,310.1953,1410.4648,12.546875
2019-07-12 11:32:36,265.8516,310.2031,1410.4648,12.539062
2019-07-12 11:32:35,265.8516,310.207,1410.4609,12.539062
2019-07-12 11:32:34,265.8516,310.207,1410.4609,12.539062
2019-07-12 11:32:33,265.8516,310.207,1410.4609,12.539062
2019-07-12 11:32:32,265.8516,310.1992,1410.4688,12.539062
2019-07-12 11:32:31,265.8516,310.2031,1410.4648,12.539062
2019-07-12 11:32:30,265.8516,310.2109,1410.4648,12.53125
2019-07-12 11:32:29,265.8516,310.2109,1410.4648,12.53125
2019-07-12 11:32:28,265.9727,310.0938,1410.4609,12.53125
2019-07-12 11:32:27,265.9727,310.0977,1410.457,12.53125
2019-07-12 11:32:26,265.7305,310.3594,1410.4375,12.53125
2019-07-12 11:32:25,265.6094,310.4805,1410.4375,12.53125
2019-07-12 11:32:24,265.7305,310.3594,1410.4453,12.523438
2019-07-12 11:32:23,265.7617,310.3438,1410.4297,12.523438
2019-07-12 11:32:22,266.0352,310.0703,1410.4297,12.523438
2019-07-12 11:32:21,266.0352,310.0742,1410.4258,12.523438
2019-07-12 11:32:20,265.9141,310.2031,1410.418,12.523438
2019-07-12 11:32:19,265.9141,310.2031,1410.418,12.523438
2019-07-12 11:32:18,265.9141,310.2031,1410.4258,12.515625
2019-07-12 11:32:17,265.9141,310.2031,1410.4258,12.515625
2019-07-12 11:32:16,265.9141,310.2031,1410.4258,12.515625
2019-07-12 11:32:15,265.9141,310.2031,1410.4258,12.515625
2019-07-12 11:32:14,265.9141,310.2031,1410.4258,12.515625
2019-07-12 11:32:13,265.9141,310.2031,1410.4258,12.515625
2019-07-12 11:32:12,265.9141,310.2109,1410.418,12.515625
2019-07-12 11:32:11,265.9141,310.2109,1410.4258,12.507812
2019-07-12 11:32:10,265.9141,310.2109,1410.4258,12.507812
2019-07-12 11:32:09,265.9141,310.2109,1410.4258,12.507812
2019-07-12 11:32:08,265.9141,310.2109,1410.4258,12.507812
2019-07-12 11:32:07,265.9141,310.2109,1410.4258,12.507812
2019-07-12 11:32:06,265.9141,310.2188,1410.4258,12.5
2019-07-12 11:32:05,265.9141,310.2227,1410.4219,12.5
2019-07-12 11:32:04,265.9141,310.2227,1410.4219,12.5
2019-07-12 11:32:03,265.9141,310.2305,1410.4141,12.5
2019-07-12 11:32:02,265.9141,310.2305,1410.4141,12.5
2019-07-12 11:32:01,266.1562,309.9961,1410.4062,12.5
2019-07-12 11:32:00,266.1562,309.9961,1410.4062,12.5
2019-07-12 11:31:59,266.2773,309.8711,1410.4102,12.5
2019-07-12 11:31:58,266.2773,309.8711,1410.4102,12.5
2019-07-12 11:31:57,266.2773,309.875,1410.4141,12.492188
2019-07-12 11:31:56,266.2773,309.875,1410.4141,12.492188
2019-07-12 11:31:55,266.2773,309.875,1410.4141,12.492188
2019-07-12 11:31:54,266.2773,309.875,1410.4141,12.492188
2019-07-12 11:31:53,266.2773,309.875,1410.4141,12.492188
2019-07-12 11:31:52,266.2773,309.8828,1410.4062,12.492188
2019-07-12 11:31:51,266.2773,309.8711,1410.4258,12.484375
2019-07-12 11:31:50,266.2773,309.8711,1410.4258,12.484375
2019-07-12 11:31:49,266.2773,309.8711,1410.4258,12.484375
2019-07-12 11:31:48,266.2773,309.8711,1410.4258,12.484375
2019-07-12 11:31:47,266.2773,309.8711,1410.4258,12.484375
2019-07-12 11:31:46,266.2773,309.8711,1410.4258,12.484375
2019-07-12 11:31:45,266.2773,309.8789,1410.4258,12.476562
2019-07-12 11:31:44,266.2773,309.8789,1410.4258,12.476562
2019-07-12 11:31:43,266.2773,309.8828,1410.4219,12.476562
2019-07-12 11:31:42,266.2773,309.8828,1410.4219,12.476562
2019-07-12 11:31:41,266.2383,309.9219,1410.4219,12.476562
2019-07-12 11:31:40,266.1562,310.0117,1410.4219,12.46875
2019-07-12 11:31:39,266.1172,310.0547,1410.418,12.46875
2019-07-12 11:31:38,266.0352,310.1406,1410.4141,12.46875
2019-07-12 11:31:37,265.9141,310.2617,1410.4141,12.46875
2019-07-12 11:31:36,266.1562,310.0195,1410.4141,12.46875
2019-07-12 11:31:35,266.1562,310.0273,1410.4062,12.46875
2019-07-12 11:31:34,266.1562,310.0312,1410.4102,12.460938
2019-07-12 11:31:33,266.1562,310.043,1410.3984,12.460938
2019-07-12 11:31:32,266.2773,309.9219,1410.3984,12.460938
2019-07-12 11:31:31,266.3984,309.8008,1410.3984,12.460938
2019-07-12 11:31:30,266.5195,309.6836,1410.3945,12.460938
2019-07-12 11:31:29,266.5195,309.6836,1410.3945,12.460938
2019-07-12 11:31:28,266.5195,309.6836,1410.3945,12.460938
2019-07-12 11:31:27,266.5195,309.6836,1410.3945,12.460938
2019-07-12 11:31:26,266.6406,309.5625,1410.3945,12.460938
2019-07-12 11:31:25,266.6406,309.5664,1410.3906,12.460938
2019-07-12 11:31:24,266.6406,309.5703,1410.3945,12.453125
2019-07-12 11:31:23,266.6406,309.5703,1410.3945,12.453125
2019-07-12 11:31:22,266.6406,309.5703,1410.3945,12.453125
2019-07-12 11:31:21,266.6406,309.5703,1410.3945,12.453125
2019-07-12 11:31:20,266.6406,309.5742,1410.3906,12.453125
2019-07-12 11:31:19,266.6406,309.5742,1410.3906,12.453125
2019-07-12 11:31:18,266.6406,309.5742,1410.3984,12.445312
2019-07-12 11:31:17,266.6406,309.5742,1410.3984,12.445312
2019-07-12 11:31:16,266.6406,309.5781,1410.3945,12.445312
2019-07-12 11:31:15,266.6406,309.5781,1410.3945,12.445312
2019-07-12 11:31:14,266.6406,309.582,1410.3906,12.445312
2019-07-12 11:31:13,266.6406,309.582,1410.3906,12.445312
2019-07-12 11:31:12,266.6406,309.582,1410.3984,12.4375
2019-07-12 11:31:11,266.6406,309.582,1410.3984,12.4375
2019-07-12 11:31:10,266.6016,309.625,1410.3945,12.4375
2019-07-12 11:31:09,266.6406,309.582,1410.3984,12.4375
2019-07-12 11:31:08,266.7617,309.4609,1410.3984,12.4375
2019-07-12 11:31:07,266.8828,309.3477,1410.3984,12.429688
2019-07-12 11:31:06,266.8828,309.3516,1410.3945,12.429688
2019-07-12 11:31:05,266.9141,309.3164,1410.3984,12.429688
2019-07-12 11:31:04,266.9141,309.3203,1410.3945,12.429688
2019-07-12 11:31:03,267.1562,309.082,1410.3906,12.429688
2019-07-12 11:31:02,267.1172,309.1289,1410.3828,12.429688
2019-07-12 11:31:01,267.6406,308.6133,1410.3828,12.421875
2019-07-12 11:31:00,268.0039,308.2539,1410.3789,12.421875
2019-07-12 11:30:59,268.2461,308.0156,1410.375,12.421875
2019-07-12 11:30:58,268.4883,307.7773,1410.3711,12.421875
2019-07-12 11:30:57,268.6094,307.6719,1410.3555,12.421875
2019-07-12 11:30:56,268.8516,307.4297,1410.3633,12.414062
2019-07-12 11:30:55,268.8516,307.4297,1410.3633,12.414062
2019-07-12 11:30:54,269.457,306.8359,1410.3516,12.414062
2019-07-12 11:30:53,269.457,306.8398,1410.3477,12.414062
2019-07-12 11:30:52,269.3359,306.9688,1410.3398,12.414062
2019-07-12 11:30:51,269.3359,306.9688,1410.3398,12.414062
2019-07-12 11:30:50,269.3359,306.9688,1410.3398,12.414062
2019-07-12 11:30:49,269.3359,306.9688,1410.3398,12.414062
2019-07-12 11:30:48,269.2148,307.0898,1410.3398,12.414062
2019-07-12 11:30:47,269.2148,307.0898,1410.3398,12.414062
2019-07-12 11:30:46,269.2148,307.0898,1410.3398,12.414062
2019-07-12 11:30:45,269.2148,307.0898,1410.3398,12.414062
2019-07-12 11:30:44,269.2148,307.0977,1410.332,12.414062
2019-07-12 11:30:43,269.2148,307.0977,1410.3398,12.40625
2019-07-12 11:30:42,268.3359,307.9766,1410.3398,12.40625
2019-07-12 11:30:41,268.3359,307.9766,1410.3398,12.40625
2019-07-12 11:30:40,268.3359,307.9727,1410.3438,12.40625
2019-07-12 11:30:39,268.457,307.8555,1410.3398,12.40625
2019-07-12 11:30:38,268.5781,307.7383,1410.3359,12.40625
2019-07-12 11:30:37,269.0625,307.2539,1410.3438,12.398438
2019-07-12 11:30:36,269.0625,307.2539,1410.3438,12.398438
2019-07-12 11:30:35,269.0625,307.2539,1410.3438,12.398438
2019-07-12 11:30:34,269.0625,307.2539,1410.3438,12.398438
2019-07-12 11:30:33,269.0625,307.2461,1410.3516,12.398438
2019-07-12 11:30:32,269.0625,307.2461,1410.3516,12.398438
2019-07-12 11:30:31,269.0625,307.2461,1410.3516,12.398438
2019-07-12 11:30:30,269.0625,307.2422,1410.3555,12.398438
2019-07-12 11:30:29,269.0625,307.2461,1410.3516,12.398438
2019-07-12 11:30:28,269.0625,307.2383,1410.3594,12.398438
2019-07-12 11:30:27,269.0625,307.2383,1410.3672,12.390625
2019-07-12 11:30:26,269.0625,307.2383,1410.3672,12.390625
2019-07-12 11:30:25,269.0625,307.2383,1410.3672,12.390625
2019-07-12 11:30:24,269.0625,307.2383,1410.3672,12.390625
2019-07-12 11:30:23,269.0625,307.2383,1410.3672,12.390625
2019-07-12 11:30:22,269.0625,307.2383,1410.3672,12.390625
2019-07-12 11:30:21,268.9414,307.3594,1410.3672,12.390625
2019-07-12 11:30:20,268.9414,307.3594,1410.3672,12.390625
2019-07-12 11:30:19,268.9414,307.3594,1410.3672,12.390625
2019-07-12 11:30:18,268.9414,307.3594,1410.3672,12.390625
2019-07-12 11:30:17,268.9414,307.3672,1410.3672,12.382812
2019-07-12 11:30:16,268.9414,307.3672,1410.3672,12.382812
2019-07-12 11:30:15,268.9414,307.3672,1410.3672,12.382812
2019-07-12 11:30:14,268.9414,307.3672,1410.3672,12.382812
2019-07-12 11:30:13,268.9414,307.3672,1410.3672,12.382812
2019-07-12 11:30:12,268.9414,307.3711,1410.3633,12.382812
2019-07-12 11:30:11,268.9414,307.3711,1410.3633,12.382812
2019-07-12 11:30:10,268.9414,307.3711,1410.3633,12.382812
2019-07-12 11:30:09,268.9414,307.3711,1410.3633,12.382812
2019-07-12 11:30:08,268.9414,307.3711,1410.3633,12.382812
2019-07-12 11:30:07,268.9414,307.3789,1410.3555,12.382812
2019-07-12 11:30:06,268.9414,307.3789,1410.3633,12.375
2019-07-12 11:30:05,268.9414,307.3789,1410.3633,12.375
2019-07-12 11:30:04,268.9414,307.3789,1410.3633,12.375
2019-07-12 11:30:03,268.9414,307.3789,1410.3633,12.375
2019-07-12 11:30:02,268.8203,307.4883,1410.375,12.375
2019-07-12 11:30:01,268.8203,307.4883,1410.375,12.375
2019-07-12 11:30:00,268.8203,307.4961,1410.3672,12.375
2019-07-12 11:29:59,268.8203,307.4961,1410.375,12.367188
2019-07-12 11:29:58,268.6992,307.6094,1410.3828,12.367188
2019-07-12 11:29:57,268.6992,307.6094,1410.3828,12.367188
2019-07-12 11:29:56,268.6992,307.6094,1410.3828,12.367188
2019-07-12 11:29:55,268.6992,307.6094,1410.3828,12.367188
2019-07-12 11:29:54,268.5781,307.7383,1410.375,12.367188
2019-07-12 11:29:53,268.5781,307.7383,1410.3828,12.359375
2019-07-12 11:29:52,268.5781,307.7383,1410.3828,12.359375
2019-07-12 11:29:51,268.5781,307.7383,1410.3828,12.359375
2019-07-12 11:29:50,268.457,307.8516,1410.3906,12.359375
2019-07-12 11:29:49,268.457,307.8594,1410.3828,12.359375
2019-07-12 11:29:48,268.457,307.8555,1410.3945,12.351562
2019-07-12 11:29:47,268.457,307.8555,1410.3945,12.351562
2019-07-12 11:29:46,268.457,307.8398,1410.4102,12.351562
2019-07-12 11:29:45,268.457,307.8438,1410.4062,12.351562
2019-07-12 11:29:44,268.457,307.8398,1410.4102,12.351562
2019-07-12 11:29:43,268.3789,307.9414,1410.3867,12.351562
2019-07-12 11:29:42,268.9258,307.3906,1410.3906,12.351562
2019-07-12 11:29:41,268.9258,307.3867,1410.3945,12.351562
2019-07-12 11:29:40,268.9258,307.3867,1410.4023,12.34375
2019-07-12 11:29:39,268.9258,307.3984,1410.3906,12.34375
2019-07-12 11:29:38,268.9258,307.3984,1410.3906,12.34375
2019-07-12 11:29:37,268.8789,307.4141,1410.4219,12.34375
2019-07-12 11:29:36,268.8789,307.4141,1410.4219,12.34375
2019-07-12 11:29:35,268.8789,307.4141,1410.4219,12.34375
2019-07-12 11:29:34,268.8789,307.4219,1410.4219,12.335938
2019-07-12 11:29:33,268.8789,307.4141,1410.4297,12.335938
2019-07-12 11:29:32,268.7266,307.5664,1410.4297,12.335938
2019-07-12 11:29:31,268.7188,307.5586,1410.4453,12.335938
2019-07-12 11:29:30,268.7188,307.5547,1410.4492,12.335938
2019-07-12 11:29:29,268.7188,307.5547,1410.4492,12.335938
2019-07-12 11:29:28,268.6641,307.6133,1410.4453,12.335938
2019-07-12 11:29:27,268.6641,307.6562,1410.4023,12.335938
2019-07-12 11:29:26,268.6641,307.6562,1410.4141,12.324219
2019-07-12 11:29:25,268.7852,307.5352,1410.4141,12.324219
2019-07-12 11:29:24,268.8477,307.5898,1410.2969,12.324219
2019-07-12 11:29:23,272.2578,306.4492,1408.0273,12.324219
2019-07-12 11:29:22,272.9102,305.7969,1408.0273,12.324219
2019-07-12 11:29:21,303.25,290.25,1393.375,12.183594
2019-07-12 11:29:20,303.418,290.082,1393.3828,12.175781
2019-07-12 11:29:19,303.2773,290.2305,1393.375,12.175781
2019-07-12 11:29:18,303.2969,290.207,1393.3789,12.175781
2019-07-12 11:29:17,303.25,290.25,1393.3828,12.175781
2019-07-12 11:29:16,303.5352,289.9727,1393.375,12.175781
2019-07-12 11:29:15,303.4023,290.1055,1393.375,12.175781
2019-07-12 11:29:14,303.7461,289.7734,1393.3711,12.167969
2019-07-12 11:29:13,303.6211,289.9023,1393.3672,12.167969
2019-07-12 11:29:12,303.7344,289.793,1393.3633,12.167969
2019-07-12 11:29:11,304.2656,289.2734,1393.3516,12.167969
2019-07-12 11:29:10,304.2578,289.2852,1393.3477,12.167969
2019-07-12 11:29:09,304.207,289.3398,1393.3516,12.160156
2019-07-12 11:29:08,304.3945,289.1484,1393.3555,12.160156
2019-07-12 11:29:07,303.7812,289.7656,1393.3516,12.160156
2019-07-12 11:29:06,303.6484,289.9023,1393.3477,12.160156
2019-07-12 11:29:05,303.6289,289.9258,1393.3438,12.160156
2019-07-12 11:29:04,303.7891,289.7617,1393.3477,12.160156
2019-07-12 11:29:03,303.7109,289.8398,1393.3555,12.152344
2019-07-12 11:29:02,303.6602,289.8984,1393.3477,12.152344
2019-07-12 11:29:01,303.6016,289.9609,1393.3438,12.152344
2019-07-12 11:29:00,303.6367,289.918,1393.3516,12.152344
2019-07-12 11:28:59,303.7656,289.7852,1393.3555,12.152344
2019-07-12 11:28:58,303.6719,289.8945,1393.3477,12.144531
2019-07-12 11:28:57,303.7344,289.832,1393.3477,12.144531
2019-07-12 11:28:56,303.8008,289.6953,1393.418,12.144531
2019-07-12 11:28:55,303.7266,289.7734,1393.4141,12.144531
2019-07-12 11:28:54,303.8555,289.6445,1393.4141,12.144531
2019-07-12 11:28:53,303.8008,289.7188,1393.4023,12.136719
2019-07-12 11:28:52,303.6641,289.8047,1393.4531,12.136719
2019-07-12 11:28:51,303.7344,289.8164,1393.3789,12.128906
2019-07-12 11:28:50,305.2461,289.0469,1392.6367,12.128906
2019-07-12 11:28:49,305.2461,289.1016,1392.582,12.128906
2019-07-12 11:28:48,305.2461,289.1016,1392.5898,12.121094
2019-07-12 11:28:47,305.1836,289.1328,1392.6211,12.121094
2019-07-12 11:28:46,305.1602,289.1602,1392.6172,12.121094
2019-07-12 11:28:45,305.2812,289.0508,1392.6055,12.121094
2019-07-12 11:28:44,305.4023,289.0195,1392.5156,12.121094
2019-07-12 11:28:43,305.4453,289.1875,1392.3047,12.121094
2019-07-12 11:28:42,299.8086,297.1758,1389.9883,12.085938
2019-07-12 11:28:41,314.1953,291.0977,1381.6797,12.085938
