time,interrupts
2019-07-12 11:48:25,147.00052
2019-07-12 11:48:24,141.61316
2019-07-12 11:48:23,137.99888
2019-07-12 11:48:22,143.64917
2019-07-12 11:48:21,139.57692
2019-07-12 11:48:20,133.55572
2019-07-12 11:48:19,148.73904
2019-07-12 11:48:18,133.32766
2019-07-12 11:48:17,152.85843
2019-07-12 11:48:16,204.8347
2019-07-12 11:48:15,151.05771
2019-07-12 11:48:14,174.1055
2019-07-12 11:48:13,245.5647
2019-07-12 11:48:12,167.22646
2019-07-12 11:48:11,153.84392
2019-07-12 11:48:10,151.11126
2019-07-12 11:48:09,146.64685
2019-07-12 11:48:08,167.69548
2019-07-12 11:48:07,147.71541
2019-07-12 11:48:06,192.8855
2019-07-12 11:48:05,150.49577
2019-07-12 11:48:04,154.32514
2019-07-12 11:48:03,142.98568
2019-07-12 11:48:02,149.62523
2019-07-12 11:48:01,141.4191
2019-07-12 11:48:00,137.75402
2019-07-12 11:47:59,131.77228
2019-07-12 11:47:58,134.68649
2019-07-12 11:47:57,136.01673
2019-07-12 11:47:56,149.8046
2019-07-12 11:47:55,168.3283
2019-07-12 11:47:54,149.92473
2019-07-12 11:47:53,128.86539
2019-07-12 11:47:52,138.61461
2019-07-12 11:47:51,143.96634
2019-07-12 11:47:50,142.20992
2019-07-12 11:47:49,156.97872
2019-07-12 11:47:48,144.64138
2019-07-12 11:47:47,142.38493
2019-07-12 11:47:46,155.62089
2019-07-12 11:47:45,156.26399
2019-07-12 11:47:44,157.40675
2019-07-12 11:47:43,185.4134
2019-07-12 11:47:42,135.36762
2019-07-12 11:47:41,125.57834
2019-07-12 11:47:40,142.96526
2019-07-12 11:47:39,143.06355
2019-07-12 11:47:38,174.0071
2019-07-12 11:47:37,269.5626
2019-07-12 11:47:36,153.32266
2019-07-12 11:47:35,156.6182
2019-07-12 11:47:34,147.31621
2019-07-12 11:47:33,152.69485
2019-07-12 11:47:32,167.7746
2019-07-12 11:47:31,156.70375
2019-07-12 11:47:30,151.328
2019-07-12 11:47:29,146.36574
2019-07-12 11:47:28,155.85343
2019-07-12 11:47:27,192.7471
2019-07-12 11:47:26,270.0475
2019-07-12 11:47:25,149.57045
2019-07-12 11:47:24,148.94341
2019-07-12 11:47:23,174.4124
2019-07-12 11:47:22,522.5999
2019-07-12 11:47:21,1960.615
2019-07-12 11:47:20,395.2322
2019-07-12 11:47:19,167.9543
2019-07-12 11:47:18,192.0017
2019-07-12 11:47:17,147.22332
2019-07-12 11:47:16,194.208
2019-07-12 11:47:15,158.99162
2019-07-12 11:47:14,189.5596
2019-07-12 11:47:13,214.3257
2019-07-12 11:47:12,132.49992
2019-07-12 11:47:11,139.01198
2019-07-12 11:47:10,147.05072
2019-07-12 11:47:09,134.26581
2019-07-12 11:47:08,155.73776
2019-07-12 11:47:07,165.0828
2019-07-12 11:47:06,169.9
2019-07-12 11:47:05,159.22516
2019-07-12 11:47:04,163.23639
2019-07-12 11:47:03,142.92689
2019-07-12 11:47:02,142.01487
2019-07-12 11:47:01,138.90437
2019-07-12 11:47:00,147.32057
2019-07-12 11:46:59,154.45338
2019-07-12 11:46:58,214.8114
2019-07-12 11:46:57,257.7327
2019-07-12 11:46:56,248.551
2019-07-12 11:46:55,203.0872
2019-07-12 11:46:54,262.4939
2019-07-12 11:46:53,261.687
2019-07-12 11:46:52,264.555
2019-07-12 11:46:51,195.7453
2019-07-12 11:46:50,244.0746
2019-07-12 11:46:49,267.5025
2019-07-12 11:46:48,139.91452
2019-07-12 11:46:47,136.92506
2019-07-12 11:46:46,155.32177
2019-07-12 11:46:45,146.10855
2019-07-12 11:46:44,156.91278
2019-07-12 11:46:43,178.6231
2019-07-12 11:46:42,144.34538
2019-07-12 11:46:41,143.90999
2019-07-12 11:46:40,177.9523
2019-07-12 11:46:39,162.73188
2019-07-12 11:46:38,152.9613
2019-07-12 11:46:37,129.08727
2019-07-12 11:46:36,152.04456
2019-07-12 11:46:35,161.2546
2019-07-12 11:46:34,187.0412
2019-07-12 11:46:33,150.68729
2019-07-12 11:46:32,139.70815
2019-07-12 11:46:31,143.47281
2019-07-12 11:46:30,131.94356
2019-07-12 11:46:29,128.89774
2019-07-12 11:46:28,164.8817
2019-07-12 11:46:27,213.4822
2019-07-12 11:46:26,150.36524
2019-07-12 11:46:25,157.74972
2019-07-12 11:46:24,164.12859
2019-07-12 11:46:23,149.70729
2019-07-12 11:46:22,150.91892
2019-07-12 11:46:21,145.01551
2019-07-12 11:46:20,145.29457
2019-07-12 11:46:19,132.93174
2019-07-12 11:46:18,136.9611
2019-07-12 11:46:17,148.63736
2019-07-12 11:46:16,167.42279
2019-07-12 11:46:15,168.451
2019-07-12 11:46:14,182.9012
2019-07-12 11:46:13,245.2981
2019-07-12 11:46:12,172.7943
2019-07-12 11:46:11,168.6499
2019-07-12 11:46:10,164.60194
2019-07-12 11:46:09,149.33865
2019-07-12 11:46:08,167.64773
2019-07-12 11:46:07,164.67893
2019-07-12 11:46:06,182.1609
2019-07-12 11:46:05,299.2553
2019-07-12 11:46:04,245.7492
2019-07-12 11:46:03,254.1659
2019-07-12 11:46:02,133.05429
2019-07-12 11:46:01,130.53827
2019-07-12 11:46:00,133.71144
2019-07-12 11:45:59,138.04836
2019-07-12 11:45:58,157.2774
2019-07-12 11:45:57,187.9753
2019-07-12 11:45:56,157.81831
2019-07-12 11:45:55,157.08968
2019-07-12 11:45:54,161.72088
2019-07-12 11:45:53,155.30167
2019-07-12 11:45:52,139.50978
2019-07-12 11:45:51,130.55778
2019-07-12 11:45:50,129.36687
2019-07-12 11:45:49,143.95453
2019-07-12 11:45:48,136.35671
2019-07-12 11:45:47,155.14598
2019-07-12 11:45:46,150.1794
2019-07-12 11:45:45,167.70277
2019-07-12 11:45:44,175.4348
2019-07-12 11:45:43,194.3937
2019-07-12 11:45:42,158.57702
2019-07-12 11:45:41,142.84904
2019-07-12 11:45:40,144.34766
2019-07-12 11:45:39,148.8345
2019-07-12 11:45:38,145.33547
2019-07-12 11:45:37,155.9886
2019-07-12 11:45:36,158.9729
2019-07-12 11:45:35,153.37404
2019-07-12 11:45:34,142.67577
2019-07-12 11:45:33,132.93829
2019-07-12 11:45:32,134.44249
2019-07-12 11:45:31,158.16145
2019-07-12 11:45:30,137.90693
2019-07-12 11:45:29,152.26538
2019-07-12 11:45:28,171.5121
2019-07-12 11:45:27,178.635
2019-07-12 11:45:26,190.5442
2019-07-12 11:45:25,170.0485
2019-07-12 11:45:24,153.97423
2019-07-12 11:45:23,141.08503
2019-07-12 11:45:22,132.59898
2019-07-12 11:45:21,137.98914
2019-07-12 11:45:20,134.3065
2019-07-12 11:45:19,160.37557
2019-07-12 11:45:18,175.8799
2019-07-12 11:45:17,148.18383
2019-07-12 11:45:16,184.3795
2019-07-12 11:45:15,152.78045
2019-07-12 11:45:14,172.3421
2019-07-12 11:45:13,210.5812
2019-07-12 11:45:12,154.5007
2019-07-12 11:45:11,142.39507
2019-07-12 11:45:10,144.58013
2019-07-12 11:45:09,132.48261
2019-07-12 11:45:08,144.57775
2019-07-12 11:45:07,151.88392
2019-07-12 11:45:06,167.50077
2019-07-12 11:45:05,123.3709
2019-07-12 11:45:04,134.88596
2019-07-12 11:45:03,137.96528
2019-07-12 11:45:02,136.78765
2019-07-12 11:45:01,123.5343
2019-07-12 11:45:00,118.34052
2019-07-12 11:44:59,135.67552
2019-07-12 11:44:58,140.95724
2019-07-12 11:44:57,145.36735
2019-07-12 11:44:56,160.26275
2019-07-12 11:44:55,135.85594
2019-07-12 11:44:54,142.00186
2019-07-12 11:44:53,138.92188
2019-07-12 11:44:52,140.41544
2019-07-12 11:44:51,145.10763
2019-07-12 11:44:50,154.98768
2019-07-12 11:44:49,158.28061
2019-07-12 11:44:48,147.86404
2019-07-12 11:44:47,145.92665
2019-07-12 11:44:46,151.10115
2019-07-12 11:44:45,163.22327
2019-07-12 11:44:44,180.0655
2019-07-12 11:44:43,192.1285
2019-07-12 11:44:42,157.12152
2019-07-12 11:44:41,140.4301
2019-07-12 11:44:40,153.22552
2019-07-12 11:44:39,149.40016
2019-07-12 11:44:38,152.00455
2019-07-12 11:44:37,153.23795
2019-07-12 11:44:36,169.089
2019-07-12 11:44:35,146.03371
2019-07-12 11:44:34,137.00742
2019-07-12 11:44:33,140.06146
2019-07-12 11:44:32,157.73812
2019-07-12 11:44:31,148.00011
2019-07-12 11:44:30,143.5849
2019-07-12 11:44:29,152.80909
2019-07-12 11:44:28,161.34207
2019-07-12 11:44:27,202.9772
2019-07-12 11:44:26,247.7214
2019-07-12 11:44:25,150.58911
2019-07-12 11:44:24,145.07773
2019-07-12 11:44:23,146.06496
2019-07-12 11:44:22,140.25913
2019-07-12 11:44:21,135.77191
2019-07-12 11:44:20,149.96504
2019-07-12 11:44:19,158.2178
2019-07-12 11:44:18,154.11273
2019-07-12 11:44:17,169.698
2019-07-12 11:44:16,191.1522
2019-07-12 11:44:15,165.49465
2019-07-12 11:44:14,180.9546
2019-07-12 11:44:13,218.6953
2019-07-12 11:44:12,157.95215
2019-07-12 11:44:11,146.71341
2019-07-12 11:44:10,148.2748
2019-07-12 11:44:09,155.60809
2019-07-12 11:44:08,156.9176
2019-07-12 11:44:07,151.46611
2019-07-12 11:44:06,156.22867
2019-07-12 11:44:05,154.62838
2019-07-12 11:44:04,154.12707
2019-07-12 11:44:03,139.70697
2019-07-12 11:44:02,149.85334
2019-07-12 11:44:01,146.40486
2019-07-12 11:44:00,148.75679
2019-07-12 11:43:59,143.53172
2019-07-12 11:43:58,138.45311
2019-07-12 11:43:57,147.20202
2019-07-12 11:43:56,158.68836
2019-07-12 11:43:55,146.45655
2019-07-12 11:43:54,145.94858
2019-07-12 11:43:53,136.74155
2019-07-12 11:43:52,138.01929
2019-07-12 11:43:51,135.29303
2019-07-12 11:43:50,126.52943
2019-07-12 11:43:49,147.58578
2019-07-12 11:43:48,148.69955
2019-07-12 11:43:47,145.46615
2019-07-12 11:43:46,158.68446
2019-07-12 11:43:45,151.30946
2019-07-12 11:43:44,174.3926
2019-07-12 11:43:43,187.229
2019-07-12 11:43:42,155.16559
2019-07-12 11:43:41,153.61024
2019-07-12 11:43:40,170.4324
2019-07-12 11:43:39,160.03784
2019-07-12 11:43:38,233.4427
2019-07-12 11:43:37,300.0407
2019-07-12 11:43:36,206.9386
2019-07-12 11:43:35,291.078
2019-07-12 11:43:34,235.6099
2019-07-12 11:43:33,245.6199
2019-07-12 11:43:32,235.9412
2019-07-12 11:43:31,242.547
2019-07-12 11:43:30,231.3756
2019-07-12 11:43:29,240.4331
2019-07-12 11:43:28,237.3245
2019-07-12 11:43:27,274.082
2019-07-12 11:43:26,355.9344
2019-07-12 11:43:25,237.3702
2019-07-12 11:43:24,263.2387
2019-07-12 11:43:23,180.9239
2019-07-12 11:43:22,130.77041
2019-07-12 11:43:21,137.93968
2019-07-12 11:43:20,156.03681
2019-07-12 11:43:19,165.81097
2019-07-12 11:43:18,163.66229
2019-07-12 11:43:17,169.5385
2019-07-12 11:43:16,193.2086
2019-07-12 11:43:15,169.8951
2019-07-12 11:43:14,185.3329
2019-07-12 11:43:13,203.9023
2019-07-12 11:43:12,154.84523
2019-07-12 11:43:11,146.72035
2019-07-12 11:43:10,142.72045
2019-07-12 11:43:09,146.78854
2019-07-12 11:43:08,151.58719
2019-07-12 11:43:07,145.07617
2019-07-12 11:43:06,160.84014
2019-07-12 11:43:05,190.1466
2019-07-12 11:43:04,156.14585
2019-07-12 11:43:03,145.22564
2019-07-12 11:43:02,154.19399
2019-07-12 11:43:01,153.59435
2019-07-12 11:43:00,156.14488
2019-07-12 11:42:59,152.76188
2019-07-12 11:42:58,141.23302
2019-07-12 11:42:57,145.81692
2019-07-12 11:42:56,168.2754
2019-07-12 11:42:55,184.1267
2019-07-12 11:42:54,147.45415
2019-07-12 11:42:53,149.95069
2019-07-12 11:42:52,159.56768
2019-07-12 11:42:51,152.81275
2019-07-12 11:42:50,149.13745
2019-07-12 11:42:49,145.7138
2019-07-12 11:42:48,144.13864
2019-07-12 11:42:47,138.5777
2019-07-12 11:42:46,147.50891
2019-07-12 11:42:45,153.1162
2019-07-12 11:42:44,195.9731
2019-07-12 11:42:43,210.0809
2019-07-12 11:42:42,150.84151
2019-07-12 11:42:41,147.06237
2019-07-12 11:42:40,153.08184
2019-07-12 11:42:39,155.30156
2019-07-12 11:42:38,153.04699
2019-07-12 11:42:37,149.6895
2019-07-12 11:42:36,148.52868
2019-07-12 11:42:35,140.61333
2019-07-12 11:42:34,142.59321
2019-07-12 11:42:33,148.42297
2019-07-12 11:42:32,149.55419
2019-07-12 11:42:31,143.51615
2019-07-12 11:42:30,140.89146
2019-07-12 11:42:29,168.1713
2019-07-12 11:42:28,189.2505
2019-07-12 11:42:27,159.42085
2019-07-12 11:42:26,148.18998
2019-07-12 11:42:25,143.45172
2019-07-12 11:42:24,131.04961
2019-07-12 11:42:23,141.43645
2019-07-12 11:42:22,151.18386
2019-07-12 11:42:21,142.71731
2019-07-12 11:42:20,146.38351
2019-07-12 11:42:19,152.10746
2019-07-12 11:42:18,148.54705
2019-07-12 11:42:17,150.21671
2019-07-12 11:42:16,160.16179
2019-07-12 11:42:15,169.5245
2019-07-12 11:42:14,196.0506
2019-07-12 11:42:13,204.4668
2019-07-12 11:42:12,149.77052
2019-07-12 11:42:11,149.44854
2019-07-12 11:42:10,144.63842
2019-07-12 11:42:09,146.05421
2019-07-12 11:42:08,148.8623
2019-07-12 11:42:07,144.6138
2019-07-12 11:42:06,149.19719
2019-07-12 11:42:05,145.46744
2019-07-12 11:42:04,141.51864
2019-07-12 11:42:03,138.67856
2019-07-12 11:42:02,135.61375
2019-07-12 11:42:01,145.22743
2019-07-12 11:42:00,144.08505
2019-07-12 11:41:59,131.54378
2019-07-12 11:41:58,136.80653
2019-07-12 11:41:57,134.2332
2019-07-12 11:41:56,134.14411
2019-07-12 11:41:55,111.34274
2019-07-12 11:41:54,108.25726
2019-07-12 11:41:53,136.83244
2019-07-12 11:41:52,142.3782
2019-07-12 11:41:51,148.83525
2019-07-12 11:41:50,149.51809
2019-07-12 11:41:49,148.29889
2019-07-12 11:41:48,146.72895
2019-07-12 11:41:47,140.98391
2019-07-12 11:41:46,156.08145
2019-07-12 11:41:45,167.19264
2019-07-12 11:41:44,178.0043
2019-07-12 11:41:43,170.3534
2019-07-12 11:41:42,145.51598
2019-07-12 11:41:41,163.86072
2019-07-12 11:41:40,183.2825
2019-07-12 11:41:39,154.71826
2019-07-12 11:41:38,152.68844
2019-07-12 11:41:37,145.54616
2019-07-12 11:41:36,149.31797
2019-07-12 11:41:35,148.63846
2019-07-12 11:41:34,146.71755
2019-07-12 11:41:33,144.11394
2019-07-12 11:41:32,150.68082
2019-07-12 11:41:31,167.2885
2019-07-12 11:41:30,165.97903
2019-07-12 11:41:29,134.0703
2019-07-12 11:41:28,137.37074
2019-07-12 11:41:27,143.0482
2019-07-12 11:41:26,150.74407
2019-07-12 11:41:25,147.22033
2019-07-12 11:41:24,149.4251
2019-07-12 11:41:23,152.4675
2019-07-12 11:41:22,154.30173
2019-07-12 11:41:21,177.8509
2019-07-12 11:41:20,192.1571
2019-07-12 11:41:19,160.46417
2019-07-12 11:41:18,154.5638
2019-07-12 11:41:17,142.5098
2019-07-12 11:41:16,153.26628
2019-07-12 11:41:15,162.63139
2019-07-12 11:41:14,191.0833
2019-07-12 11:41:13,201.358
2019-07-12 11:41:12,152.36414
2019-07-12 11:41:11,155.19866
2019-07-12 11:41:10,157.13659
2019-07-12 11:41:09,134.6468
2019-07-12 11:41:08,147.15734
2019-07-12 11:41:07,147.97545
2019-07-12 11:41:06,146.22791
2019-07-12 11:41:05,142.20282
2019-07-12 11:41:04,141.0432
2019-07-12 11:41:03,132.69855
2019-07-12 11:41:02,135.72675
2019-07-12 11:41:01,142.387
2019-07-12 11:41:00,149.83719
2019-07-12 11:40:59,144.70941
2019-07-12 11:40:58,133.33976
2019-07-12 11:40:57,141.74889
2019-07-12 11:40:56,145.75573
2019-07-12 11:40:55,124.54057
2019-07-12 11:40:54,127.83046
2019-07-12 11:40:53,140.52553
2019-07-12 11:40:52,140.39883
2019-07-12 11:40:51,161.93052
2019-07-12 11:40:50,180.6526
2019-07-12 11:40:49,149.84084
2019-07-12 11:40:48,154.0642
2019-07-12 11:40:47,153.4169
2019-07-12 11:40:46,153.20332
2019-07-12 11:40:45,152.85165
2019-07-12 11:40:44,197.8353
2019-07-12 11:40:43,211.9788
2019-07-12 11:40:42,154.37741
2019-07-12 11:40:41,152.94324
2019-07-12 11:40:40,160.328
2019-07-12 11:40:39,164.75555
2019-07-12 11:40:38,155.54188
2019-07-12 11:40:37,140.44069
2019-07-12 11:40:36,169.4943
2019-07-12 11:40:35,170.8951
2019-07-12 11:40:34,140.53265
2019-07-12 11:40:33,151.64024
2019-07-12 11:40:32,152.69252
2019-07-12 11:40:31,157.18394
2019-07-12 11:40:30,156.01981
2019-07-12 11:40:29,153.92318
2019-07-12 11:40:28,155.02586
2019-07-12 11:40:27,142.35155
2019-07-12 11:40:26,126.79821
2019-07-12 11:40:25,145.10114
2019-07-12 11:40:24,170.0041
2019-07-12 11:40:23,161.86729
2019-07-12 11:40:22,126.64232
2019-07-12 11:40:21,138.49233
2019-07-12 11:40:20,154.63012
2019-07-12 11:40:19,152.67053
2019-07-12 11:40:18,153.04911
2019-07-12 11:40:17,144.49575
2019-07-12 11:40:16,152.27755
2019-07-12 11:40:15,169.1298
2019-07-12 11:40:14,219.153
2019-07-12 11:40:13,236.7888
2019-07-12 11:40:12,159.36919
2019-07-12 11:40:11,154.42038
2019-07-12 11:40:10,157.94914
2019-07-12 11:40:09,149.52632
2019-07-12 11:40:08,152.92137
2019-07-12 11:40:07,139.64552
2019-07-12 11:40:06,132.94834
2019-07-12 11:40:05,146.76881
2019-07-12 11:40:04,149.85671
2019-07-12 11:40:03,167.6855
2019-07-12 11:40:02,176.462
2019-07-12 11:40:01,148.57684
2019-07-12 11:40:00,147.10972
2019-07-12 11:39:59,145.99886
2019-07-12 11:39:58,149.11101
2019-07-12 11:39:57,152.55499
2019-07-12 11:39:56,156.42644
2019-07-12 11:39:55,161.04277
2019-07-12 11:39:54,154.73159
2019-07-12 11:39:53,159.30599
2019-07-12 11:39:52,161.25308
2019-07-12 11:39:51,153.35576
2019-07-12 11:39:50,160.23376
2019-07-12 11:39:49,153.3788
2019-07-12 11:39:48,150.51063
2019-07-12 11:39:47,151.17178
2019-07-12 11:39:46,157.36506
2019-07-12 11:39:45,165.1555
2019-07-12 11:39:44,170.6083
2019-07-12 11:39:43,172.3032
2019-07-12 11:39:42,161.78214
2019-07-12 11:39:41,163.90112
2019-07-12 11:39:40,166.93371
2019-07-12 11:39:39,152.75278
2019-07-12 11:39:38,144.79545
2019-07-12 11:39:37,133.01492
2019-07-12 11:39:36,131.76021
2019-07-12 11:39:35,127.11118
2019-07-12 11:39:34,125.40186
2019-07-12 11:39:33,141.36431
2019-07-12 11:39:32,152.9953
2019-07-12 11:39:31,177.8125
2019-07-12 11:39:30,175.9884
2019-07-12 11:39:29,142.90413
2019-07-12 11:39:28,148.57262
2019-07-12 11:39:27,153.62659
2019-07-12 11:39:26,144.86967
2019-07-12 11:39:25,135.89521
2019-07-12 11:39:24,136.00017
2019-07-12 11:39:23,138.63614
2019-07-12 11:39:22,143.09009
2019-07-12 11:39:21,155.6281
2019-07-12 11:39:20,162.62568
2019-07-12 11:39:19,154.89167
2019-07-12 11:39:18,142.63123
2019-07-12 11:39:17,133.14988
2019-07-12 11:39:16,143.3855
2019-07-12 11:39:15,150.66216
2019-07-12 11:39:14,183.584
2019-07-12 11:39:13,199.5999
2019-07-12 11:39:12,171.3853
2019-07-12 11:39:11,166.29024
2019-07-12 11:39:10,166.92847
2019-07-12 11:39:09,162.07852
2019-07-12 11:39:08,159.65597
2019-07-12 11:39:07,156.77529
2019-07-12 11:39:06,150.87622
2019-07-12 11:39:05,146.55322
2019-07-12 11:39:04,154.30168
2019-07-12 11:39:03,158.77501
2019-07-12 11:39:02,158.95918
2019-07-12 11:39:01,187.6132
2019-07-12 11:39:00,186.448
2019-07-12 11:38:59,143.42428
2019-07-12 11:38:58,137.66339
2019-07-12 11:38:57,144.96571
2019-07-12 11:38:56,144.70819
2019-07-12 11:38:55,147.21447
2019-07-12 11:38:54,147.15883
2019-07-12 11:38:53,153.61035
2019-07-12 11:38:52,157.21384
2019-07-12 11:38:51,143.21556
2019-07-12 11:38:50,138.61533
2019-07-12 11:38:49,176.1249
2019-07-12 11:38:48,186.4578
2019-07-12 11:38:47,154.382
2019-07-12 11:38:46,152.73286
2019-07-12 11:38:45,157.65942
2019-07-12 11:38:44,179.4592
2019-07-12 11:38:43,172.0585
2019-07-12 11:38:42,150.59088
2019-07-12 11:38:41,158.85349
2019-07-12 11:38:40,153.3969
2019-07-12 11:38:39,169.534
2019-07-12 11:38:38,170.9401
2019-07-12 11:38:37,143.49042
2019-07-12 11:38:36,135.69806
2019-07-12 11:38:35,135.53204
2019-07-12 11:38:34,144.39063
2019-07-12 11:38:33,151.9967
2019-07-12 11:38:32,153.01533
2019-07-12 11:38:31,144.05953
2019-07-12 11:38:30,144.95919
2019-07-12 11:38:29,144.64337
2019-07-12 11:38:28,141.16779
2019-07-12 11:38:27,156.19662
2019-07-12 11:38:26,157.01768
2019-07-12 11:38:25,145.15101
2019-07-12 11:38:24,151.95988
2019-07-12 11:38:23,150.45478
2019-07-12 11:38:22,141.18506
2019-07-12 11:38:21,136.25331
2019-07-12 11:38:20,138.8344
2019-07-12 11:38:19,148.61052
2019-07-12 11:38:18,141.96218
2019-07-12 11:38:17,129.51284
2019-07-12 11:38:16,130.59287
2019-07-12 11:38:15,152.71921
2019-07-12 11:38:14,199.6533
2019-07-12 11:38:13,189.4817
2019-07-12 11:38:12,143.4908
2019-07-12 11:38:11,136.34526
2019-07-12 11:38:10,136.71815
2019-07-12 11:38:09,167.20025
2019-07-12 11:38:08,164.66472
2019-07-12 11:38:07,134.55716
2019-07-12 11:38:06,142.19462
2019-07-12 11:38:05,147.51201
2019-07-12 11:38:04,141.84469
2019-07-12 11:38:03,136.173
2019-07-12 11:38:02,138.55586
2019-07-12 11:38:01,137.85998
2019-07-12 11:38:00,139.21426
2019-07-12 11:37:59,174.4416
2019-07-12 11:37:58,178.0189
2019-07-12 11:37:57,155.53563
2019-07-12 11:37:56,159.66531
2019-07-12 11:37:55,151.52658
2019-07-12 11:37:54,131.88038
2019-07-12 11:37:53,135.99016
2019-07-12 11:37:52,143.06783
2019-07-12 11:37:51,143.94548
2019-07-12 11:37:50,153.36836
2019-07-12 11:37:49,165.73337
2019-07-12 11:37:48,157.75899
2019-07-12 11:37:47,148.17934
2019-07-12 11:37:46,151.89968
2019-07-12 11:37:45,162.45697
2019-07-12 11:37:44,181.7343
2019-07-12 11:37:43,175.8104
2019-07-12 11:37:42,156.8502
2019-07-12 11:37:41,165.06223
2019-07-12 11:37:40,164.18363
2019-07-12 11:37:39,158.3792
2019-07-12 11:37:38,151.36212
2019-07-12 11:37:37,149.93193
2019-07-12 11:37:36,146.80896
2019-07-12 11:37:35,133.80768
2019-07-12 11:37:34,133.31841
2019-07-12 11:37:33,148.18309
2019-07-12 11:37:32,150.7512
2019-07-12 11:37:31,136.04995
2019-07-12 11:37:30,137.37229
2019-07-12 11:37:29,157.10389
2019-07-12 11:37:28,166.20062
2019-07-12 11:37:27,182.3293
2019-07-12 11:37:26,162.27864
2019-07-12 11:37:25,135.82081
2019-07-12 11:37:24,142.3225
2019-07-12 11:37:23,145.82728
2019-07-12 11:37:22,144.27657
2019-07-12 11:37:21,144.08958
2019-07-12 11:37:20,147.80965
2019-07-12 11:37:19,173.3896
2019-07-12 11:37:18,166.79774
2019-07-12 11:37:17,181.0471
2019-07-12 11:37:16,179.429
2019-07-12 11:37:15,156.1397
2019-07-12 11:37:14,182.2103
2019-07-12 11:37:13,187.3751
2019-07-12 11:37:12,151.58522
2019-07-12 11:37:11,144.93927
2019-07-12 11:37:10,150.47072
2019-07-12 11:37:09,143.19935
2019-07-12 11:37:08,136.59673
2019-07-12 11:37:07,138.37673
2019-07-12 11:37:06,133.41505
2019-07-12 11:37:05,137.9307
2019-07-12 11:37:04,140.80929
2019-07-12 11:37:03,132.99987
2019-07-12 11:37:02,134.12836
2019-07-12 11:37:01,127.98842
2019-07-12 11:37:00,121.43115
2019-07-12 11:36:59,125.38022
2019-07-12 11:36:58,129.1285
2019-07-12 11:36:57,162.70873
2019-07-12 11:36:56,174.6173
2019-07-12 11:36:55,152.61731
2019-07-12 11:36:54,146.74458
2019-07-12 11:36:53,141.29091
2019-07-12 11:36:52,137.04507
2019-07-12 11:36:51,144.72241
2019-07-12 11:36:50,161.6954
2019-07-12 11:36:49,149.28547
2019-07-12 11:36:48,134.42478
2019-07-12 11:36:47,143.97218
2019-07-12 11:36:46,146.01726
2019-07-12 11:36:45,150.4141
2019-07-12 11:36:44,189.1906
2019-07-12 11:36:43,180.6783
2019-07-12 11:36:42,143.11501
2019-07-12 11:36:41,148.7192
2019-07-12 11:36:40,160.10441
2019-07-12 11:36:39,157.18914
2019-07-12 11:36:38,144.36191
2019-07-12 11:36:37,143.34244
2019-07-12 11:36:36,139.17766
2019-07-12 11:36:35,144.07956
2019-07-12 11:36:34,148.68953
2019-07-12 11:36:33,155.95849
2019-07-12 11:36:32,150.74025
2019-07-12 11:36:31,141.88449
2019-07-12 11:36:30,145.43022
2019-07-12 11:36:29,139.36889
2019-07-12 11:36:28,137.1468
2019-07-12 11:36:27,194.2604
2019-07-12 11:36:26,182.4075
2019-07-12 11:36:25,143.80709
2019-07-12 11:36:24,140.12805
2019-07-12 11:36:23,139.89564
2019-07-12 11:36:22,140.48978
2019-07-12 11:36:21,147.2425
2019-07-12 11:36:20,159.99399
2019-07-12 11:36:19,162.27184
2019-07-12 11:36:18,156.26754
2019-07-12 11:36:17,175.8087
2019-07-12 11:36:16,163.60925
2019-07-12 11:36:15,152.17189
2019-07-12 11:36:14,201.0981
2019-07-12 11:36:13,192.1861
2019-07-12 11:36:12,154.53128
2019-07-12 11:36:11,153.65809
2019-07-12 11:36:10,145.99949
2019-07-12 11:36:09,148.78707
2019-07-12 11:36:08,154.42953
2019-07-12 11:36:07,151.03611
2019-07-12 11:36:06,168.601
2019-07-12 11:36:05,158.37614
2019-07-12 11:36:04,145.89661
2019-07-12 11:36:03,147.4166
2019-07-12 11:36:02,162.60877
2019-07-12 11:36:01,161.34253
2019-07-12 11:36:00,156.49327
2019-07-12 11:35:59,151.83235
2019-07-12 11:35:58,145.74793
2019-07-12 11:35:57,154.32308
2019-07-12 11:35:56,202.1493
2019-07-12 11:35:55,180.5147
2019-07-12 11:35:54,151.99293
2019-07-12 11:35:53,154.68227
2019-07-12 11:35:52,158.22893
2019-07-12 11:35:51,159.73251
2019-07-12 11:35:50,162.46076
2019-07-12 11:35:49,149.4634
2019-07-12 11:35:48,153.76408
2019-07-12 11:35:47,154.42774
2019-07-12 11:35:46,177.0913
2019-07-12 11:35:45,184.6137
2019-07-12 11:35:44,197.073
2019-07-12 11:35:43,171.4228
2019-07-12 11:35:42,157.67808
2019-07-12 11:35:41,161.27864
2019-07-12 11:35:40,160.15854
2019-07-12 11:35:39,160.00661
2019-07-12 11:35:38,147.30733
2019-07-12 11:35:37,146.12476
2019-07-12 11:35:36,157.52168
2019-07-12 11:35:35,145.24738
2019-07-12 11:35:34,156.8739
2019-07-12 11:35:33,161.18404
2019-07-12 11:35:32,165.2704
2019-07-12 11:35:31,151.00684
2019-07-12 11:35:30,152.85817
2019-07-12 11:35:29,147.36165
2019-07-12 11:35:28,145.81243
2019-07-12 11:35:27,147.52667
2019-07-12 11:35:26,155.26644
2019-07-12 11:35:25,160.93574
2019-07-12 11:35:24,202.3011
2019-07-12 11:35:23,171.4482
2019-07-12 11:35:22,138.91046
2019-07-12 11:35:21,150.11752
2019-07-12 11:35:20,139.8578
2019-07-12 11:35:19,138.81798
2019-07-12 11:35:18,143.59261
2019-07-12 11:35:17,156.33666
2019-07-12 11:35:16,153.08378
2019-07-12 11:35:15,163.49312
2019-07-12 11:35:14,216.6661
2019-07-12 11:35:13,191.0712
2019-07-12 11:35:12,153.39089
2019-07-12 11:35:11,147.39839
2019-07-12 11:35:10,153.66658
2019-07-12 11:35:09,146.52141
2019-07-12 11:35:08,145.45195
2019-07-12 11:35:07,151.22072
2019-07-12 11:35:06,153.23446
2019-07-12 11:35:05,162.64008
2019-07-12 11:35:04,161.51042
2019-07-12 11:35:03,152.99792
2019-07-12 11:35:02,151.91964
2019-07-12 11:35:01,143.00094
2019-07-12 11:35:00,134.15602
2019-07-12 11:34:59,138.05391
2019-07-12 11:34:58,145.52513
2019-07-12 11:34:57,175.5181
2019-07-12 11:34:56,167.04388
2019-07-12 11:34:55,142.40896
2019-07-12 11:34:54,147.71476
2019-07-12 11:34:53,143.71426
2019-07-12 11:34:52,144.49146
2019-07-12 11:34:51,140.70878
2019-07-12 11:34:50,142.19011
2019-07-12 11:34:49,150.12247
2019-07-12 11:34:48,144.79031
2019-07-12 11:34:47,152.83204
2019-07-12 11:34:46,156.78396
2019-07-12 11:34:45,153.02785
2019-07-12 11:34:44,204.7906
2019-07-12 11:34:43,181.231
2019-07-12 11:34:42,150.60157
2019-07-12 11:34:41,157.50668
2019-07-12 11:34:40,162.60384
2019-07-12 11:34:39,167.54014
2019-07-12 11:34:38,152.9512
2019-07-12 11:34:37,141.8118
2019-07-12 11:34:36,134.81515
2019-07-12 11:34:35,137.91217
2019-07-12 11:34:34,133.08538
2019-07-12 11:34:33,132.40255
2019-07-12 11:34:32,126.5001
2019-07-12 11:34:31,122.99719
2019-07-12 11:34:30,139.67179
2019-07-12 11:34:29,151.3101
2019-07-12 11:34:28,153.64225
2019-07-12 11:34:27,154.74859
2019-07-12 11:34:26,145.80569
2019-07-12 11:34:25,141.60399
2019-07-12 11:34:24,143.22807
2019-07-12 11:34:23,149.39308
2019-07-12 11:34:22,153.33757
2019-07-12 11:34:21,168.609
2019-07-12 11:34:20,167.9683
2019-07-12 11:34:19,150.07834
2019-07-12 11:34:18,213.7807
2019-07-12 11:34:17,206.1485
2019-07-12 11:34:16,165.55851
2019-07-12 11:34:15,163.66602
2019-07-12 11:34:14,220.4154
2019-07-12 11:34:13,204.3036
2019-07-12 11:34:12,164.33875
2019-07-12 11:34:11,159.74548
2019-07-12 11:34:10,143.44492
2019-07-12 11:34:09,152.87763
2019-07-12 11:34:08,152.27204
2019-07-12 11:34:07,190.0178
2019-07-12 11:34:06,166.87173
2019-07-12 11:34:05,156.88354
2019-07-12 11:34:04,154.20067
2019-07-12 11:34:03,145.59658
2019-07-12 11:34:02,153.35658
2019-07-12 11:34:01,152.55231
2019-07-12 11:34:00,151.11093
2019-07-12 11:33:59,149.83548
2019-07-12 11:33:58,148.56097
2019-07-12 11:33:57,156.63403
2019-07-12 11:33:56,165.12455
2019-07-12 11:33:55,167.8939
2019-07-12 11:33:54,200.0423
2019-07-12 11:33:53,178.6008
2019-07-12 11:33:52,154.01844
2019-07-12 11:33:51,155.40512
2019-07-12 11:33:50,163.21143
2019-07-12 11:33:49,158.53041
2019-07-12 11:33:48,209.0266
2019-07-12 11:33:47,204.6404
2019-07-12 11:33:46,205.7815
2019-07-12 11:33:45,172.712
2019-07-12 11:33:44,189.7279
2019-07-12 11:33:43,172.3981
2019-07-12 11:33:42,148.96101
2019-07-12 11:33:41,152.86383
2019-07-12 11:33:40,157.73371
2019-07-12 11:33:39,152.22537
2019-07-12 11:33:38,137.62551
2019-07-12 11:33:37,140.48878
2019-07-12 11:33:36,156.20581
2019-07-12 11:33:35,251.4121
2019-07-12 11:33:34,239.906
2019-07-12 11:33:33,225.0319
2019-07-12 11:33:32,210.6941
2019-07-12 11:33:31,228.6206
2019-07-12 11:33:30,300.8961
2019-07-12 11:33:29,286.8544
2019-07-12 11:33:28,334.8434
2019-07-12 11:33:27,339.3058
2019-07-12 11:33:26,286.6982
2019-07-12 11:33:25,331.6847
2019-07-12 11:33:24,309.8383
2019-07-12 11:33:23,174.0893
2019-07-12 11:33:22,133.557
2019-07-12 11:33:21,143.41637
2019-07-12 11:33:20,191.0665
2019-07-12 11:33:19,254.5554
2019-07-12 11:33:18,280.3361
2019-07-12 11:33:17,290.0733
2019-07-12 11:33:16,203.6666
2019-07-12 11:33:15,193.742
2019-07-12 11:33:14,280.5841
2019-07-12 11:33:13,261.6514
2019-07-12 11:33:12,233.1056
2019-07-12 11:33:11,289.486
2019-07-12 11:33:10,257.6765
2019-07-12 11:33:09,211.8398
2019-07-12 11:33:08,163.50693
2019-07-12 11:33:07,160.49809
2019-07-12 11:33:06,154.01965
2019-07-12 11:33:05,154.36925
2019-07-12 11:33:04,184.5823
2019-07-12 11:33:03,168.5015
2019-07-12 11:33:02,144.61816
2019-07-12 11:33:01,132.54454
2019-07-12 11:33:00,161.95615
2019-07-12 11:32:59,147.87271
2019-07-12 11:32:58,189.2133
2019-07-12 11:32:57,159.78615
2019-07-12 11:32:56,198.3484
2019-07-12 11:32:55,221.0971
2019-07-12 11:32:54,310.6721
2019-07-12 11:32:53,323.3618
2019-07-12 11:32:52,270.0457
2019-07-12 11:32:51,280.2606
2019-07-12 11:32:50,225.373
2019-07-12 11:32:49,247.0517
2019-07-12 11:32:48,290.5804
2019-07-12 11:32:47,303.2305
2019-07-12 11:32:46,292.5793
2019-07-12 11:32:45,278.826
2019-07-12 11:32:44,375.8574
2019-07-12 11:32:43,273.0664
2019-07-12 11:32:42,217.5906
2019-07-12 11:32:41,228.4986
2019-07-12 11:32:40,302.6136
2019-07-12 11:32:39,348.42
2019-07-12 11:32:38,305.4159
2019-07-12 11:32:37,216.3771
2019-07-12 11:32:36,177.7963
2019-07-12 11:32:35,188.9697
2019-07-12 11:32:34,235.2875
2019-07-12 11:32:33,349.9899
2019-07-12 11:32:32,378.8432
2019-07-12 11:32:31,279.2793
2019-07-12 11:32:30,267.9974
2019-07-12 11:32:29,333.0978
2019-07-12 11:32:28,321.0838
2019-07-12 11:32:27,320.4651
2019-07-12 11:32:26,351.3918
2019-07-12 11:32:25,350.2776
2019-07-12 11:32:24,280.1316
2019-07-12 11:32:23,309.9091
2019-07-12 11:32:22,341.7671
2019-07-12 11:32:21,202.1035
2019-07-12 11:32:20,156.22689
2019-07-12 11:32:19,152.85792
2019-07-12 11:32:18,147.02447
2019-07-12 11:32:17,133.12329
2019-07-12 11:32:16,138.75717
2019-07-12 11:32:15,148.12041
2019-07-12 11:32:14,164.09128
2019-07-12 11:32:13,183.3613
2019-07-12 11:32:12,132.36892
2019-07-12 11:32:11,129.54994
2019-07-12 11:32:10,127.28627
2019-07-12 11:32:09,119.25313
2019-07-12 11:32:08,180.0457
2019-07-12 11:32:07,245.8093
2019-07-12 11:32:06,322.5526
2019-07-12 11:32:05,298.0198
2019-07-12 11:32:04,219.5415
2019-07-12 11:32:03,296.208
2019-07-12 11:32:02,191.4833
2019-07-12 11:32:01,149.92692
2019-07-12 11:32:00,145.76443
2019-07-12 11:31:59,145.79519
2019-07-12 11:31:58,147.73632
2019-07-12 11:31:57,151.10281
2019-07-12 11:31:56,160.42349
2019-07-12 11:31:55,152.74184
2019-07-12 11:31:54,153.25105
2019-07-12 11:31:53,164.69494
2019-07-12 11:31:52,177.1886
2019-07-12 11:31:51,160.08169
2019-07-12 11:31:50,154.7803
2019-07-12 11:31:49,151.86562
2019-07-12 11:31:48,160.39535
2019-07-12 11:31:47,242.38
2019-07-12 11:31:46,189.7612
2019-07-12 11:31:45,222.4997
2019-07-12 11:31:44,203.5992
2019-07-12 11:31:43,263.3775
2019-07-12 11:31:42,244.7031
2019-07-12 11:31:41,277.1335
2019-07-12 11:31:40,377.982
2019-07-12 11:31:39,297.1719
2019-07-12 11:31:38,253.5472
2019-07-12 11:31:37,258.6692
2019-07-12 11:31:36,229.3495
2019-07-12 11:31:35,260.2468
2019-07-12 11:31:34,324.4863
2019-07-12 11:31:33,313.402
2019-07-12 11:31:32,286.0323
2019-07-12 11:31:31,237.2137
2019-07-12 11:31:30,165.3813
2019-07-12 11:31:29,152.84921
2019-07-12 11:31:28,157.40437
2019-07-12 11:31:27,156.42075
2019-07-12 11:31:26,173.7909
2019-07-12 11:31:25,167.56674
2019-07-12 11:31:24,153.34924
2019-07-12 11:31:23,186.286
2019-07-12 11:31:22,252.1115
2019-07-12 11:31:21,301.9808
2019-07-12 11:31:20,236.8649
2019-07-12 11:31:19,222.9861
2019-07-12 11:31:18,213.6559
2019-07-12 11:31:17,215.2231
2019-07-12 11:31:16,227.8488
2019-07-12 11:31:15,211.8233
2019-07-12 11:31:14,274.9815
2019-07-12 11:31:13,237.0864
2019-07-12 11:31:12,219.122
2019-07-12 11:31:11,240.0584
2019-07-12 11:31:10,258.2537
2019-07-12 11:31:09,211.8414
2019-07-12 11:31:08,232.8019
2019-07-12 11:31:07,213.1789
2019-07-12 11:31:06,240.1002
2019-07-12 11:31:05,258.0409
2019-07-12 11:31:04,250.4771
2019-07-12 11:31:03,268.0809
2019-07-12 11:31:02,262.7333
2019-07-12 11:31:01,279.2228
2019-07-12 11:31:00,270.7756
2019-07-12 11:30:59,263.0698
2019-07-12 11:30:58,289.0334
2019-07-12 11:30:57,270.7855
2019-07-12 11:30:56,337.9735
2019-07-12 11:30:55,194.4118
2019-07-12 11:30:54,218.6085
2019-07-12 11:30:53,185.9542
2019-07-12 11:30:52,156.95649
2019-07-12 11:30:51,139.79191
2019-07-12 11:30:50,155.94486
2019-07-12 11:30:49,142.22949
2019-07-12 11:30:48,144.38393
2019-07-12 11:30:47,141.75613
2019-07-12 11:30:46,162.85667
2019-07-12 11:30:45,183.5428
2019-07-12 11:30:44,223.5646
2019-07-12 11:30:43,187.7379
2019-07-12 11:30:42,148.95704
2019-07-12 11:30:41,163.25192
2019-07-12 11:30:40,230.4391
2019-07-12 11:30:39,309.5552
2019-07-12 11:30:38,179.4574
2019-07-12 11:30:37,130.03428
2019-07-12 11:30:36,150.2648
2019-07-12 11:30:35,136.75638
2019-07-12 11:30:34,139.52711
2019-07-12 11:30:33,196.4846
2019-07-12 11:30:32,161.01101
2019-07-12 11:30:31,147.47794
2019-07-12 11:30:30,146.34937
2019-07-12 11:30:29,155.04082
2019-07-12 11:30:28,153.19074
2019-07-12 11:30:27,155.85856
2019-07-12 11:30:26,149.50806
2019-07-12 11:30:25,141.2903
2019-07-12 11:30:24,147.38447
2019-07-12 11:30:23,177.6837
2019-07-12 11:30:22,152.87081
2019-07-12 11:30:21,150.52229
2019-07-12 11:30:20,139.51794
2019-07-12 11:30:19,155.8979
2019-07-12 11:30:18,146.18476
2019-07-12 11:30:17,148.57281
2019-07-12 11:30:16,152.40993
2019-07-12 11:30:15,156.23157
2019-07-12 11:30:14,235.9661
2019-07-12 11:30:13,184.845
2019-07-12 11:30:12,132.91142
2019-07-12 11:30:11,150.88489
2019-07-12 11:30:10,142.81496
2019-07-12 11:30:09,143.34541
2019-07-12 11:30:08,155.49329
2019-07-12 11:30:07,156.44585
2019-07-12 11:30:06,150.73753
2019-07-12 11:30:05,141.19077
2019-07-12 11:30:04,139.91174
2019-07-12 11:30:03,139.10261
2019-07-12 11:30:02,177.2834
2019-07-12 11:30:01,172.3122
2019-07-12 11:30:00,141.87565
2019-07-12 11:29:59,152.61918
2019-07-12 11:29:58,139.95864
2019-07-12 11:29:57,141.94742
2019-07-12 11:29:56,149.38071
2019-07-12 11:29:55,146.70287
2019-07-12 11:29:54,148.55984
2019-07-12 11:29:53,140.4523
2019-07-12 11:29:52,151.88587
2019-07-12 11:29:51,145.64015
2019-07-12 11:29:50,158.40677
2019-07-12 11:29:49,156.57528
2019-07-12 11:29:48,151.11461
2019-07-12 11:29:47,147.73241
2019-07-12 11:29:46,205.642
2019-07-12 11:29:45,306.5216
2019-07-12 11:29:44,246.68
2019-07-12 11:29:43,175.4903
2019-07-12 11:29:42,158.0495
2019-07-12 11:29:41,157.02687
2019-07-12 11:29:40,151.03311
2019-07-12 11:29:39,159.47676
2019-07-12 11:29:38,134.57093
2019-07-12 11:29:37,146.69953
2019-07-12 11:29:36,193.3092
2019-07-12 11:29:35,165.46945
2019-07-12 11:29:34,152.01691
2019-07-12 11:29:33,143.70653
2019-07-12 11:29:32,143.81955
2019-07-12 11:29:31,142.19101
2019-07-12 11:29:30,138.8556
2019-07-12 11:29:29,159.0007
2019-07-12 11:29:28,164.75372
2019-07-12 11:29:27,143.42115
2019-07-12 11:29:26,170.1279
2019-07-12 11:29:25,246.5252
2019-07-12 11:29:24,333.127
2019-07-12 11:29:23,229.4213
2019-07-12 11:29:22,302.5209
2019-07-12 11:29:21,320.2067
2019-07-12 11:29:20,335.7389
2019-07-12 11:29:19,326.1476
2019-07-12 11:29:18,335.12
2019-07-12 11:29:17,381.2169
2019-07-12 11:29:16,352.2502
2019-07-12 11:29:15,356.4725
2019-07-12 11:29:14,365.3844
2019-07-12 11:29:13,415.3594
2019-07-12 11:29:12,315.4005
2019-07-12 11:29:11,381.8859
2019-07-12 11:29:10,304.0778
2019-07-12 11:29:09,327.6219
2019-07-12 11:29:08,324.3289
2019-07-12 11:29:07,319.2738
2019-07-12 11:29:06,333.8273
2019-07-12 11:29:05,346.8089
2019-07-12 11:29:04,327.0374
2019-07-12 11:29:03,300.249
2019-07-12 11:29:02,336.3576
2019-07-12 11:29:01,333.1169
2019-07-12 11:29:00,309.6675
2019-07-12 11:28:59,334.3984
2019-07-12 11:28:58,333.4077
2019-07-12 11:28:57,333.3461
2019-07-12 11:28:56,408.276
2019-07-12 11:28:55,360.2444
2019-07-12 11:28:54,303.9806
2019-07-12 11:28:53,356.2811
2019-07-12 11:28:52,366.4034
2019-07-12 11:28:51,163.85453
2019-07-12 11:28:50,144.74994
2019-07-12 11:28:49,155.73526
2019-07-12 11:28:48,251.3701
2019-07-12 11:28:47,248.8182
2019-07-12 11:28:46,366.5148
2019-07-12 11:28:45,666.9305
2019-07-12 11:28:44,1161.6291
2019-07-12 11:28:43,1402.6885
2019-07-12 11:28:42,1071.0423
2019-07-12 11:28:41,1270.9828
